title_key	title	file_count	files	exact_hits	family_hits	weak_hits	any_hits	exact_works	any_works	examples
一切经音义	一切经音义	1	中频/一切经音义.md	68	0	0	68	广雅疏证_王念孙,经义述闻_王引之,经传释词_王引之,读书杂志_王念孙	广雅疏证_王念孙,经义述闻_王引之,经传释词_王引之,读书杂志_王念孙	读书杂志_王念孙:1119:一切經音義 | 读书杂志_王念孙:1173:一切經音義 | 读书杂志_王念孙:1213:一切經音義
三国志	三国志	1	低频/三国志.md	3	0	0	3	广雅疏证_王念孙,经义述闻_王引之	广雅疏证_王念孙,经义述闻_王引之	广雅疏证_王念孙:18323:三國志·周瑜傳 | 广雅疏证_王念孙:18337:三國志·王朗傳 | 经义述闻_王引之:407:三國志·王脩傳
三礼图	三礼图	1	低频/三礼图.md	11	0	0	11	广雅疏证_王念孙,经义述闻_王引之,读书杂志_王念孙	广雅疏证_王念孙,经义述闻_王引之,读书杂志_王念孙	读书杂志_王念孙:30095:三禮圖 | 读书杂志_王念孙:30095:三禮圖 | 广雅疏证_王念孙:14059:三禮圖
三秦记	三秦记	1	低频/三秦记.md	1	0	0	1	广雅疏证_王念孙	广雅疏证_王念孙	广雅疏证_王念孙:18019:三秦記
中庸	中庸	1	中频/中庸.md	114	0	0	114	广雅疏证_王念孙,经义述闻_王引之,经传释词_王引之,读书杂志_王念孙	广雅疏证_王念孙,经义述闻_王引之,经传释词_王引之,读书杂志_王念孙	读书杂志_王念孙:839:中庸 | 读书杂志_王念孙:2253:中庸 | 读书杂志_王念孙:2603:中庸
中论	中论	3	低频/中论.md | 低频/中论（乾隆藏）.md | 低频/中论（大藏经）.md	11	0	0	11	经义述闻_王引之,读书杂志_王念孙	经义述闻_王引之,读书杂志_王念孙	读书杂志_王念孙:6621:中論·曆數篇 | 经义述闻_王引之:463:中論·法象篇 | 经义述闻_王引之:885:中論·法象篇
乐书	乐书	1	中频/乐书.md	50	0	0	50	广雅疏证_王念孙,经义述闻_王引之,经传释词_王引之,读书杂志_王念孙	广雅疏证_王念孙,经义述闻_王引之,经传释词_王引之,读书杂志_王念孙	读书杂志_王念孙:3589:樂書 | 读书杂志_王念孙:3589:樂書 | 读书杂志_王念孙:5935:史記·樂書
乙巳占	乙巳占	1	低频/乙巳占.md	1	0	0	1	经义述闻_王引之	经义述闻_王引之	经义述闻_王引之:3371:乙巳占
九章算术	九章算术	1	低频/九章算术.md	11	0	0	11	广雅疏证_王念孙,经义述闻_王引之,读书杂志_王念孙	广雅疏证_王念孙,经义述闻_王引之,读书杂志_王念孙	读书杂志_王念孙:30185:九章算術·粟米章 | 广雅疏证_王念孙:3419:九章算術 | 广雅疏证_王念孙:6095:九章算術·粟米章
九经古义	九经古义	1	低频/九经古义.md	13	0	0	13	经义述闻_王引之,经传释词_王引之,读书杂志_王念孙	经义述闻_王引之,经传释词_王引之,读书杂志_王念孙	读书杂志_王念孙:89:九經古義 | 读书杂志_王念孙:8725:九經古義 | 读书杂志_王念孙:13421:九經古義
书	书	1	高频/书.md	372	0	5537	5909	广雅疏证_王念孙,经义述闻_王引之,经传释词_王引之,读书杂志_王念孙	广雅疏证_王念孙,经义述闻_王引之,经传释词_王引之,读书杂志_王念孙	读书杂志_王念孙:25:讀書雜志 | 读书杂志_王念孙:27:尚書 | 读书杂志_王念孙:27:讀書雜志
书传	书传	1	低频/书传.md	7	0	0	7	广雅疏证_王念孙,经义述闻_王引之,读书杂志_王念孙	广雅疏证_王念孙,经义述闻_王引之,读书杂志_王念孙	读书杂志_王念孙:549:書傳 | 读书杂志_王念孙:6983:書傳 | 读书杂志_王念孙:29999:書傳
事类赋	事类赋	1	低频/事类赋.md	2	0	0	2	读书杂志_王念孙	读书杂志_王念孙	读书杂志_王念孙:14645:事類賦 | 读书杂志_王念孙:17431:事類賦
五礼通考	五礼通考	1	低频/五礼通考.md	2	0	0	2	经义述闻_王引之,读书杂志_王念孙	经义述闻_王引之,读书杂志_王念孙	读书杂志_王念孙:5963:五禮通考 | 经义述闻_王引之:2341:五禮通考
五经文字	五经文字	1	低频/五经文字.md	14	0	0	14	广雅疏证_王念孙,经义述闻_王引之,读书杂志_王念孙	广雅疏证_王念孙,经义述闻_王引之,读书杂志_王念孙	读书杂志_王念孙:1049:五經文字 | 读书杂志_王念孙:6983:五經文字 | 读书杂志_王念孙:7189:五經文字
五行大义	五行大义	1	低频/五行大义.md	12	0	0	12	经义述闻_王引之,读书杂志_王念孙	经义述闻_王引之,读书杂志_王念孙	读书杂志_王念孙:6987:五行大義 | 读书杂志_王念孙:14591:五行大義 | 读书杂志_王念孙:24291:五行大義·辨體性篇
五音集韵	五音集韵	1	低频/五音集韵.md	2	0	0	2	广雅疏证_王念孙,读书杂志_王念孙	广雅疏证_王念孙,读书杂志_王念孙	读书杂志_王念孙:28035:五音集韻 | 广雅疏证_王念孙:17725:五音集韻
交州记	交州记	1	低频/交州记.md	1	0	0	1	广雅疏证_王念孙	广雅疏证_王念孙	广雅疏证_王念孙:20511:交州記
京氏易传	京氏易传	2	低频/京氏易传（易经）.md | 低频/京氏易传（术数）.md	5	0	0	5	经义述闻_王引之	经义述闻_王引之	经义述闻_王引之:87:京氏易傳 | 经义述闻_王引之:99:京氏易傳 | 经义述闻_王引之:165:京氏易傳
人物志	人物志	2	低频/人物志（笔记）.md | 低频/人物志（诸子）.md	2	0	0	2	广雅疏证_王念孙,经义述闻_王引之	广雅疏证_王念孙,经义述闻_王引之	广雅疏证_王念孙:2595:人物志·體別篇 | 经义述闻_王引之:279:人物志·釋争篇
体论	体论	1	低频/体论.md	1	0	0	1	经义述闻_王引之	经义述闻_王引之	经义述闻_王引之:2789:體論
佩觿	佩觿	1	低频/佩觿.md	6	0	0	6	广雅疏证_王念孙,经义述闻_王引之,读书杂志_王念孙	广雅疏证_王念孙,经义述闻_王引之,读书杂志_王念孙	读书杂志_王念孙:6983:佩觿 | 读书杂志_王念孙:30077:佩觿 | 广雅疏证_王念孙:11145:佩觿
傅子	傅子	2	低频/傅子.md | 低频/傅子（2）.md	1	0	0	1	经义述闻_王引之	经义述闻_王引之	经义述闻_王引之:6805:傅子
元和姓纂	元和姓纂	1	低频/元和姓纂.md	21	0	0	21	经义述闻_王引之,读书杂志_王念孙	经义述闻_王引之,读书杂志_王念孙	读书杂志_王念孙:6585:元和姓纂 | 读书杂志_王念孙:27535:元和姓纂 | 经义述闻_王引之:4039:元和姓纂
元和郡县志	元和郡县志	1	低频/元和郡县志.md	13	0	0	13	广雅疏证_王念孙,经义述闻_王引之,读书杂志_王念孙	广雅疏证_王念孙,经义述闻_王引之,读书杂志_王念孙	读书杂志_王念孙:6335:元和郡縣志 | 读书杂志_王念孙:6577:元和郡縣志 | 读书杂志_王念孙:7285:元和郡縣志
典论	典论	1	低频/典论.md	1	0	0	1	广雅疏证_王念孙	广雅疏证_王念孙	广雅疏证_王念孙:14081:典論
农书	农书	1	低频/农书.md	3	0	0	3	广雅疏证_王念孙	广雅疏证_王念孙	广雅疏证_王念孙:13723:農書 | 广雅疏证_王念孙:19153:農書 | 广雅疏证_王念孙:19473:農書
列仙传	列仙传	2	低频/列仙传（正统道藏洞真部）.md | 低频/列仙传（藏外）.md	1	0	0	1	广雅疏证_王念孙	广雅疏证_王念孙	广雅疏证_王念孙:19231:列仙傳
列女传	列女传	1	中频/列女传.md	61	0	0	61	广雅疏证_王念孙,经义述闻_王引之,经传释词_王引之,读书杂志_王念孙	广雅疏证_王念孙,经义述闻_王引之,经传释词_王引之,读书杂志_王念孙	读书杂志_王念孙:1513:列女傳 | 读书杂志_王念孙:1531:列女傳·孽嬖傳 | 读书杂志_王念孙:2215:列女傳·孽嬖傳
列子	列子	1	中频/列子.md	192	0	0	192	广雅疏证_王念孙,经义述闻_王引之,经传释词_王引之,读书杂志_王念孙	广雅疏证_王念孙,经义述闻_王引之,经传释词_王引之,读书杂志_王念孙	读书杂志_王念孙:1197:列子·周穆王篇 | 读书杂志_王念孙:1343:列子·説符篇 | 读书杂志_王念孙:1641:列子·天瑞篇
初学记	初学记	2	高频/初学记.md | 高频/初学记（2）.md	223	0	0	223	广雅疏证_王念孙,经义述闻_王引之,读书杂志_王念孙	广雅疏证_王念孙,经义述闻_王引之,读书杂志_王念孙	读书杂志_王念孙:409:初學記·器物部 | 读书杂志_王念孙:429:初學記·居處部 | 读书杂志_王念孙:433:初學記·居處部
北堂书钞	北堂书钞	1	中频/北堂书钞.md	194	0	0	194	广雅疏证_王念孙,经义述闻_王引之,读书杂志_王念孙	广雅疏证_王念孙,经义述闻_王引之,读书杂志_王念孙	读书杂志_王念孙:211:北堂書鈔 | 读书杂志_王念孙:409:北堂書鈔·衣冠部二 | 读书杂志_王念孙:449:北堂書鈔·禮儀部八
北户录	北户录	1	低频/北户录.md	14	0	0	14	广雅疏证_王念孙,经义述闻_王引之,读书杂志_王念孙	广雅疏证_王念孙,经义述闻_王引之,读书杂志_王念孙	读书杂志_王念孙:525:北户録 | 广雅疏证_王念孙:9171:北户錄 | 广雅疏证_王念孙:15427:北户録
北齐书	北齐书	1	低频/北齐书.md	2	0	0	2	读书杂志_王念孙	读书杂志_王念孙	读书杂志_王念孙:14097:北齊書·魏收傳 | 读书杂志_王念孙:14101:北齊書
十三经注疏正字	十三经注疏正字	1	低频/十三经注疏正字.md	1	0	0	1	读书杂志_王念孙	读书杂志_王念孙	读书杂志_王念孙:55:十三經注疏正字
南史	南史	1	低频/南史.md	7	0	0	7	广雅疏证_王念孙,经义述闻_王引之,读书杂志_王念孙	广雅疏证_王念孙,经义述闻_王引之,读书杂志_王念孙	读书杂志_王念孙:9625:南史 | 广雅疏证_王念孙:15449:南史 | 经义述闻_王引之:231:南史·褚彦回傳
南齐书	南齐书	1	低频/南齐书.md	1	0	0	1	经义述闻_王引之	经义述闻_王引之	经义述闻_王引之:2395:南齊書·禮志
博物志	博物志	2	低频/博物志.md | 低频/博物志（2）.md	34	0	0	34	广雅疏证_王念孙,经义述闻_王引之,读书杂志_王念孙	广雅疏证_王念孙,经义述闻_王引之,读书杂志_王念孙	读书杂志_王念孙:3469:博物志 | 读书杂志_王念孙:6733:博物志 | 读书杂志_王念孙:7557:博物志
原本广韵	原本广韵	1	低频/原本广韵.md	0	913	0	913		广雅疏证_王念孙,经义述闻_王引之,经传释词_王引之,读书杂志_王念孙	读书杂志_王念孙:675:廣韻 | 读书杂志_王念孙:675:廣韻 | 读书杂志_王念孙:675:廣韻
古今注	古今注	1	中频/古今注.md	40	0	0	40	广雅疏证_王念孙,经义述闻_王引之,读书杂志_王念孙	广雅疏证_王念孙,经义述闻_王引之,读书杂志_王念孙	读书杂志_王念孙:5963:古今注 | 读书杂志_王念孙:20951:古今注 | 读书杂志_王念孙:22801:古今注
古微书	古微书	1	低频/古微书.md	2	0	0	2	广雅疏证_王念孙,经义述闻_王引之	广雅疏证_王念孙,经义述闻_王引之	广雅疏证_王念孙:8185:古微書 | 经义述闻_王引之:5563:古微書
古文苑	古文苑	1	低频/古文苑.md	2	0	0	2	经义述闻_王引之,读书杂志_王念孙	经义述闻_王引之,读书杂志_王念孙	读书杂志_王念孙:30745:古文苑·王延壽〈王孫賦 | 经义述闻_王引之:2239:古文苑·博士箴
古韵标准	古韵标准	1	低频/古韵标准.md	2	0	0	2	经义述闻_王引之	经义述闻_王引之	经义述闻_王引之:7525:古韻標准 | 经义述闻_王引之:9063:古韻標准
史记	史记	1	高频/史记.md	2434	0	0	2434	广雅疏证_王念孙,经义述闻_王引之,经传释词_王引之,读书杂志_王念孙	广雅疏证_王念孙,经义述闻_王引之,经传释词_王引之,读书杂志_王念孙	读书杂志_王念孙:37:史記 | 读书杂志_王念孙:243:史記·夏本紀 | 读书杂志_王念孙:275:史記·吴王濞傳
史记正义	史记正义	1	低频/史记正义.md	18	0	0	18	广雅疏证_王念孙,经义述闻_王引之,读书杂志_王念孙	广雅疏证_王念孙,经义述闻_王引之,读书杂志_王念孙	读书杂志_王念孙:553:史記正義 | 读书杂志_王念孙:561:史記正義 | 读书杂志_王念孙:1361:史記正義
史记集解	史记集解	1	低频/史记集解.md	11	0	0	11	广雅疏证_王念孙,经义述闻_王引之,读书杂志_王念孙	广雅疏证_王念孙,经义述闻_王引之,读书杂志_王念孙	读书杂志_王念孙:1365:史記集解 | 读书杂志_王念孙:5927:史記集解 | 读书杂志_王念孙:5979:史記集解
史通	史通	1	低频/史通.md	2	0	0	2	经义述闻_王引之	经义述闻_王引之	经义述闻_王引之:4213:史通·言語篇 | 经义述闻_王引之:4213:史通
司马法	司马法	2	低频/司马法（兵家）.md | 低频/司马法（诸子）.md	28	0	0	28	广雅疏证_王念孙,经义述闻_王引之,读书杂志_王念孙	广雅疏证_王念孙,经义述闻_王引之,读书杂志_王念孙	读书杂志_王念孙:15451:司馬法 | 读书杂志_王念孙:23689:司馬法 | 读书杂志_王念孙:24743:司馬法
名医别录	名医别录	1	中频/名医别录.md	118	0	0	118	广雅疏证_王念孙,经义述闻_王引之,读书杂志_王念孙	广雅疏证_王念孙,经义述闻_王引之,读书杂志_王念孙	读书杂志_王念孙:24187:名醫别録 | 广雅疏证_王念孙:17035:名醫别録 | 广雅疏证_王念孙:17805:名醫别録
后汉书	后汉书	1	高频/后汉书.md	434	0	0	434	广雅疏证_王念孙,经义述闻_王引之,经传释词_王引之,读书杂志_王念孙	广雅疏证_王念孙,经义述闻_王引之,经传释词_王引之,读书杂志_王念孙	读书杂志_王念孙:37:後漢書 | 读书杂志_王念孙:37:後漢書 | 读书杂志_王念孙:53:後漢書
后汉纪	后汉纪	1	低频/后汉纪.md	3	0	0	3	广雅疏证_王念孙,经义述闻_王引之	广雅疏证_王念孙,经义述闻_王引之	广雅疏证_王念孙:12555:後漢紀·靈帝紀 | 广雅疏证_王念孙:12559:後漢紀·靈帝紀 | 经义述闻_王引之:479:後漢紀·靈帝紀
吕氏春秋	吕氏春秋	2	高频/吕氏春秋（类书）.md | 高频/吕氏春秋（诸子）.md	871	0	0	871	广雅疏证_王念孙,经义述闻_王引之,经传释词_王引之,读书杂志_王念孙	广雅疏证_王念孙,经义述闻_王引之,经传释词_王引之,读书杂志_王念孙	读书杂志_王念孙:37:吕氏春秋 | 读书杂志_王念孙:53:吕氏春秋 | 读书杂志_王念孙:275:吕氏春秋·適威篇
吕氏春秋集解	吕氏春秋集解	1	低频/吕氏春秋集解.md	0	874	0	874		广雅疏证_王念孙,经义述闻_王引之,经传释词_王引之,读书杂志_王念孙	读书杂志_王念孙:37:吕氏春秋 | 读书杂志_王念孙:53:吕氏春秋 | 读书杂志_王念孙:275:吕氏春秋·適威篇
吴子	吴子	1	低频/吴子.md	7	0	0	7	广雅疏证_王念孙,经义述闻_王引之,读书杂志_王念孙	广雅疏证_王念孙,经义述闻_王引之,读书杂志_王念孙	读书杂志_王念孙:8511:吴子·論將篇 | 读书杂志_王念孙:30245:吴子·治兵篇 | 广雅疏证_王念孙:3849:吴子·杆敵篇
吴普本草	吴普本草	1	中频/吴普本草.md	64	0	0	64	广雅疏证_王念孙	广雅疏证_王念孙	广雅疏证_王念孙:18417:吴普本草 | 广雅疏证_王念孙:18445:吴普本草 | 广雅疏证_王念孙:18465:吴普本草
吴越春秋	吴越春秋	1	低频/吴越春秋.md	23	0	0	23	广雅疏证_王念孙,经义述闻_王引之,读书杂志_王念孙	广雅疏证_王念孙,经义述闻_王引之,读书杂志_王念孙	读书杂志_王念孙:2443:吴越春秋·夫差内傳 | 读书杂志_王念孙:2443:吴越春秋 | 读书杂志_王念孙:15033:吴越春秋·夫差内傳
周书	周书	1	中频/周书.md	70	0	0	70	广雅疏证_王念孙,经义述闻_王引之,经传释词_王引之,读书杂志_王念孙	广雅疏证_王念孙,经义述闻_王引之,经传释词_王引之,读书杂志_王念孙	读书杂志_王念孙:187:周書 | 读书杂志_王念孙:239:周書 | 读书杂志_王念孙:287:周書
周易	周易	1	低频/周易.md	33	0	0	33	广雅疏证_王念孙,经义述闻_王引之,读书杂志_王念孙	广雅疏证_王念孙,经义述闻_王引之,读书杂志_王念孙	读书杂志_王念孙:39:周易 | 读书杂志_王念孙:7819:周易 | 读书杂志_王念孙:8657:經義述聞·周易
周易正义	周易正义	1	低频/周易正义.md	1	0	0	1	经义述闻_王引之	经义述闻_王引之	经义述闻_王引之:391:周易正義
周易注	周易注	1	低频/周易注.md	1	0	0	1	读书杂志_王念孙	读书杂志_王念孙	读书杂志_王念孙:15693:周易注
周易述	周易述	1	低频/周易述.md	18	0	0	18	广雅疏证_王念孙,经义述闻_王引之	广雅疏证_王念孙,经义述闻_王引之	广雅疏证_王念孙:919:周易述 | 广雅疏证_王念孙:1763:周易述 | 经义述闻_王引之:21:周易述
周易集解	周易集解	1	低频/周易集解.md	9	0	0	9	广雅疏证_王念孙,经义述闻_王引之,读书杂志_王念孙	广雅疏证_王念孙,经义述闻_王引之,读书杂志_王念孙	读书杂志_王念孙:17207:周易集解·豐·象傳 | 广雅疏证_王念孙:7171:周易集解 | 经义述闻_王引之:21:周易集解
周礼	周礼	1	中频/周礼.md	159	0	0	159	广雅疏证_王念孙,经义述闻_王引之,经传释词_王引之,读书杂志_王念孙	广雅疏证_王念孙,经义述闻_王引之,经传释词_王引之,读书杂志_王念孙	读书杂志_王念孙:1513:周禮 | 读书杂志_王念孙:9517:周禮 | 读书杂志_王念孙:13893:周禮·大行人
周礼传	周礼传	1	低频/周礼传.md	1	0	0	1	经义述闻_王引之	经义述闻_王引之	经义述闻_王引之:1837:周禮傳
周礼注疏	周礼注疏	1	低频/周礼注疏.md	1	0	0	1	经义述闻_王引之	经义述闻_王引之	经义述闻_王引之:9125:周禮注疏
周髀算经	周髀算经	1	低频/周髀算经.md	9	0	0	9	广雅疏证_王念孙,经义述闻_王引之,经传释词_王引之,读书杂志_王念孙	广雅疏证_王念孙,经义述闻_王引之,经传释词_王引之,读书杂志_王念孙	读书杂志_王念孙:1843:周髀算經 | 读书杂志_王念孙:6617:周髀算經 | 读书杂志_王念孙:10341:周髀算經
唐六典	唐六典	1	低频/唐六典.md	2	0	0	2	广雅疏证_王念孙,经义述闻_王引之	广雅疏证_王念孙,经义述闻_王引之	广雅疏证_王念孙:16569:唐六典 | 经义述闻_王引之:5783:唐六典
唐律疏义	唐律疏义	1	低频/唐律疏义.md	1	0	0	1	广雅疏证_王念孙	广雅疏证_王念孙	广雅疏证_王念孙:18019:唐律疏義·衛禁篇
唐韵正	唐韵正	1	中频/唐韵正.md	81	0	0	81	广雅疏证_王念孙,经义述闻_王引之,经传释词_王引之,读书杂志_王念孙	广雅疏证_王念孙,经义述闻_王引之,经传释词_王引之,读书杂志_王念孙	读书杂志_王念孙:193:唐韻正 | 读书杂志_王念孙:271:唐韻正 | 读书杂志_王念孙:545:唐韻正
商子	商子	1	低频/商子.md	32	0	0	32	广雅疏证_王念孙,经义述闻_王引之,读书杂志_王念孙	广雅疏证_王念孙,经义述闻_王引之,读书杂志_王念孙	读书杂志_王念孙:271:商子·脩權篇 | 读书杂志_王念孙:1291:商子·更法篇 | 读书杂志_王念孙:2465:商子·更法篇
四书释地	四书释地	1	低频/四书释地.md	3	0	0	3	经义述闻_王引之,经传释词_王引之,读书杂志_王念孙	经义述闻_王引之,经传释词_王引之,读书杂志_王念孙	读书杂志_王念孙:1339:四書釋地 | 经传释词_王引之:217:四書釋地 | 经义述闻_王引之:7037:四書釋地
四民月令	四民月令	1	低频/四民月令.md	24	0	0	24	广雅疏证_王念孙	广雅疏证_王念孙	广雅疏证_王念孙:2931:四民月令 | 广雅疏证_王念孙:9019:四民月令 | 广雅疏证_王念孙:14881:四民月令
困学纪闻	困学纪闻	1	低频/困学纪闻.md	29	0	0	29	经义述闻_王引之,读书杂志_王念孙	经义述闻_王引之,读书杂志_王念孙	读书杂志_王念孙:6073:困學紀聞 | 读书杂志_王念孙:13723:困學紀聞·諸子類 | 读书杂志_王念孙:13999:困學紀聞
埤雅	埤雅	1	低频/埤雅.md	34	0	0	34	广雅疏证_王念孙,经义述闻_王引之,读书杂志_王念孙	广雅疏证_王念孙,经义述闻_王引之,读书杂志_王念孙	读书杂志_王念孙:20897:埤雅 | 读书杂志_王念孙:24015:埤雅 | 读书杂志_王念孙:24039:埤雅
墨子	墨子	2	高频/墨子.md | 高频/墨子（2）.md	377	0	0	377	广雅疏证_王念孙,经义述闻_王引之,经传释词_王引之,读书杂志_王念孙	广雅疏证_王念孙,经义述闻_王引之,经传释词_王引之,读书杂志_王念孙	读书杂志_王念孙:37:墨子 | 读书杂志_王念孙:93:墨子 | 读书杂志_王念孙:159:墨子·旗幟篇
声无哀乐论	声无哀乐论	1	低频/声无哀乐论.md	3	0	0	3	广雅疏证_王念孙,读书杂志_王念孙	广雅疏证_王念孙,读书杂志_王念孙	读书杂志_王念孙:8605:聲無哀樂論 | 广雅疏证_王念孙:4181:聲無哀樂論 | 广雅疏证_王念孙:18481:聲無哀樂論
夏小正	夏小正	1	中频/夏小正.md	79	0	0	79	广雅疏证_王念孙,经义述闻_王引之,经传释词_王引之,读书杂志_王念孙	广雅疏证_王念孙,经义述闻_王引之,经传释词_王引之,读书杂志_王念孙	读书杂志_王念孙:1979:夏小正 | 读书杂志_王念孙:13111:夏小正 | 读书杂志_王念孙:14113:夏小正
大事记	大事记	1	低频/大事记.md	1	0	0	1	读书杂志_王念孙	读书杂志_王念孙	读书杂志_王念孙:2233:大事記
大学	大学	1	中频/大学.md	40	0	0	40	广雅疏证_王念孙,经义述闻_王引之,经传释词_王引之,读书杂志_王念孙	广雅疏证_王念孙,经义述闻_王引之,经传释词_王引之,读书杂志_王念孙	读书杂志_王念孙:491:大學 | 读书杂志_王念孙:491:大學 | 读书杂志_王念孙:7923:大學
大戴礼记	大戴礼记	1	低频/大戴礼记.md	28	375	0	403	广雅疏证_王念孙,经义述闻_王引之,经传释词_王引之,读书杂志_王念孙	广雅疏证_王念孙,经义述闻_王引之,经传释词_王引之,读书杂志_王念孙	读书杂志_王念孙:27:大戴禮記 | 读书杂志_王念孙:39:大戴禮記 | 读书杂志_王念孙:57:大戴禮記
太平寰宇记	太平寰宇记	1	低频/太平寰宇记.md	7	0	0	7	经义述闻_王引之,读书杂志_王念孙	经义述闻_王引之,读书杂志_王念孙	读书杂志_王念孙:6577:太平寰宇記 | 读书杂志_王念孙:7349:太平寰宇記 | 读书杂志_王念孙:16499:太平寰宇記
太平御览	太平御览	1	高频/太平御览.md	1081	0	0	1081	广雅疏证_王念孙,经义述闻_王引之,读书杂志_王念孙	广雅疏证_王念孙,经义述闻_王引之,读书杂志_王念孙	读书杂志_王念孙:287:太平御覽 | 读书杂志_王念孙:291:太平御覽·時序部二十 | 读书杂志_王念孙:357:太平御覽·刑法部十二
子夏易传	子夏易传	1	低频/子夏易传.md	1	0	0	1	广雅疏证_王念孙	广雅疏证_王念孙	广雅疏证_王念孙:15217:子夏易傳
字诂	字诂	1	低频/字诂.md	14	0	0	14	广雅疏证_王念孙,经义述闻_王引之,读书杂志_王念孙	广雅疏证_王念孙,经义述闻_王引之,读书杂志_王念孙	读书杂志_王念孙:6991:字詁 | 读书杂志_王念孙:30113:字詁 | 读书杂志_王念孙:30113:字詁
孝经	孝经	1	低频/孝经.md	28	0	0	28	广雅疏证_王念孙,经义述闻_王引之,经传释词_王引之,读书杂志_王念孙	广雅疏证_王念孙,经义述闻_王引之,经传释词_王引之,读书杂志_王念孙	读书杂志_王念孙:10341:孝經 | 读书杂志_王念孙:22409:孝經 | 读书杂志_王念孙:22911:孝經
孟子	孟子	1	高频/孟子.md	442	0	0	442	广雅疏证_王念孙,经义述闻_王引之,经传释词_王引之,读书杂志_王念孙	广雅疏证_王念孙,经义述闻_王引之,经传释词_王引之,读书杂志_王念孙	读书杂志_王念孙:639:孟子·公孫丑篇 | 读书杂志_王念孙:947:孟子·公孫丑篇 | 读书杂志_王念孙:965:孟子·萬章篇
孟子传	孟子传	1	低频/孟子传.md	5	0	0	5	读书杂志_王念孙	读书杂志_王念孙	读书杂志_王念孙:2133:孟子傳 | 读书杂志_王念孙:2133:孟子傳 | 读书杂志_王念孙:2133:孟子傳
孟子音义	孟子音义	1	低频/孟子音义.md	1	0	0	1	读书杂志_王念孙	读书杂志_王念孙	读书杂志_王念孙:23873:孟子音義·離婁下
学林	学林	1	低频/学林.md	2	0	0	2	经义述闻_王引之,读书杂志_王念孙	经义述闻_王引之,读书杂志_王念孙	读书杂志_王念孙:6841:學林 | 经义述闻_王引之:7505:學林
宋书	宋书	1	低频/宋书.md	29	0	0	29	广雅疏证_王念孙,经义述闻_王引之,经传释词_王引之,读书杂志_王念孙	广雅疏证_王念孙,经义述闻_王引之,经传释词_王引之,读书杂志_王念孙	读书杂志_王念孙:6127:宋書·符瑞志 | 读书杂志_王念孙:10263:宋書·符瑞志 | 读书杂志_王念孙:24359:宋書·律志
小品方	小品方	1	低频/小品方.md	1	0	0	1	广雅疏证_王念孙	广雅疏证_王念孙	广雅疏证_王念孙:18921:小品方
小尔雅	小尔雅	1	中频/小尔雅.md	55	0	0	55	广雅疏证_王念孙,经义述闻_王引之,经传释词_王引之,读书杂志_王念孙	广雅疏证_王念孙,经义述闻_王引之,经传释词_王引之,读书杂志_王念孙	读书杂志_王念孙:713:小爾雅 | 读书杂志_王念孙:717:小爾雅 | 读书杂志_王念孙:10341:小爾雅
尔雅	尔雅	1	高频/尔雅.md	2147	187	0	2334	广雅疏证_王念孙,经义述闻_王引之,经传释词_王引之,读书杂志_王念孙	广雅疏证_王念孙,经义述闻_王引之,经传释词_王引之,读书杂志_王念孙	读书杂志_王念孙:25:爾雅正義 | 读书杂志_王念孙:29:爾雅分韻 | 读书杂志_王念孙:29:方言廣雅小爾雅分韻
尔雅注	尔雅注	1	中频/尔雅注.md	43	0	0	43	广雅疏证_王念孙,经义述闻_王引之,读书杂志_王念孙	广雅疏证_王念孙,经义述闻_王引之,读书杂志_王念孙	读书杂志_王念孙:5999:爾雅注 | 读书杂志_王念孙:6983:爾雅注 | 读书杂志_王念孙:9769:爾雅注
尔雅注疏	尔雅注疏	1	低频/尔雅注疏.md	1	0	0	1	经义述闻_王引之	经义述闻_王引之	经义述闻_王引之:7917:爾雅注疏
尔雅翼	尔雅翼	1	低频/尔雅翼.md	19	0	0	19	广雅疏证_王念孙,经义述闻_王引之,读书杂志_王念孙	广雅疏证_王念孙,经义述闻_王引之,读书杂志_王念孙	读书杂志_王念孙:3469:爾雅翼 | 读书杂志_王念孙:25589:爾雅翼 | 读书杂志_王念孙:27889:爾雅翼
尚书	尚书	1	中频/尚书.md	191	0	0	191	广雅疏证_王念孙,经义述闻_王引之,经传释词_王引之,读书杂志_王念孙	广雅疏证_王念孙,经义述闻_王引之,经传释词_王引之,读书杂志_王念孙	读书杂志_王念孙:27:尚書 | 读书杂志_王念孙:37:尚書 | 读书杂志_王念孙:39:尚書
尚书全解	尚书全解	1	低频/尚书全解.md	2	0	0	2	经义述闻_王引之,经传释词_王引之	经义述闻_王引之,经传释词_王引之	经传释词_王引之:113:尚書全解 | 经义述闻_王引之:515:尚書全解
尚书古文疏证	尚书古文疏证	1	低频/尚书古文疏证.md	2	0	0	2	广雅疏证_王念孙,经义述闻_王引之	广雅疏证_王念孙,经义述闻_王引之	广雅疏证_王念孙:4049:尚書古文疏證 | 经义述闻_王引之:885:尚書古文疏證
尚书大传	尚书大传	1	中频/尚书大传.md	44	0	0	44	广雅疏证_王念孙,经义述闻_王引之,经传释词_王引之,读书杂志_王念孙	广雅疏证_王念孙,经义述闻_王引之,经传释词_王引之,读书杂志_王念孙	读书杂志_王念孙:9239:尚書大傳 | 读书杂志_王念孙:14337:尚書大傳 | 读书杂志_王念孙:22719:尚書大傳
尚书正义	尚书正义	1	低频/尚书正义.md	6	0	0	6	经义述闻_王引之,读书杂志_王念孙	经义述闻_王引之,读书杂志_王念孙	读书杂志_王念孙:6983:尚書正義 | 读书杂志_王念孙:6983:尚書正義 | 读书杂志_王念孙:30077:尚書正義
尸子	尸子	1	低频/尸子.md	32	0	0	32	广雅疏证_王念孙,经义述闻_王引之,读书杂志_王念孙	广雅疏证_王念孙,经义述闻_王引之,读书杂志_王念孙	读书杂志_王念孙:18065:尸子·止楚師篇 | 读书杂志_王念孙:18069:尸子 | 读书杂志_王念孙:22943:尸子
山海经	山海经	3	低频/山海经.md | 低频/山海经（2）.md | 低频/山海经（3）.md	29	0	0	29	广雅疏证_王念孙,经义述闻_王引之,经传释词_王引之,读书杂志_王念孙	广雅疏证_王念孙,经义述闻_王引之,经传释词_王引之,读书杂志_王念孙	读书杂志_王念孙:667:山海經 | 读书杂志_王念孙:1415:山海經·毆野絲贊 | 读书杂志_王念孙:3423:山海經
左传附注	左传附注	1	低频/左传附注.md	1	2072	0	2073	经义述闻_王引之	广雅疏证_王念孙,经义述闻_王引之,经传释词_王引之,读书杂志_王念孙	读书杂志_王念孙:39:春秋左傳 | 读书杂志_王念孙:39:春秋左傳 | 读书杂志_王念孙:183:左傳
帝王世纪	帝王世纪	1	低频/帝王世纪.md	7	0	0	7	广雅疏证_王念孙,经义述闻_王引之,读书杂志_王念孙	广雅疏证_王念孙,经义述闻_王引之,读书杂志_王念孙	读书杂志_王念孙:361:帝王世紀 | 读书杂志_王念孙:7205:帝王世紀 | 广雅疏证_王念孙:17263:帝王世紀
干禄字书	干禄字书	1	低频/干禄字书.md	8	0	0	8	广雅疏证_王念孙,经义述闻_王引之,读书杂志_王念孙	广雅疏证_王念孙,经义述闻_王引之,读书杂志_王念孙	读书杂志_王念孙:3279:干禄字書 | 读书杂志_王念孙:14459:干禄字書 | 读书杂志_王念孙:24003:干禄字書
广川书跋	广川书跋	1	低频/广川书跋.md	5	0	0	5	经义述闻_王引之,读书杂志_王念孙	经义述闻_王引之,读书杂志_王念孙	读书杂志_王念孙:17849:廣川書跋 | 读书杂志_王念孙:17857:廣川書跋 | 读书杂志_王念孙:17861:廣川書跋
广州记	广州记	1	低频/广州记.md	5	0	0	5	广雅疏证_王念孙	广雅疏证_王念孙	广雅疏证_王念孙:19293:廣州記 | 广雅疏证_王念孙:19353:廣州記 | 广雅疏证_王念孙:19521:廣州記
广志	广志	1	中频/广志.md	57	0	0	57	广雅疏证_王念孙,经义述闻_王引之,读书杂志_王念孙	广雅疏证_王念孙,经义述闻_王引之,读书杂志_王念孙	读书杂志_王念孙:3317:廣志 | 广雅疏证_王念孙:4197:廣志 | 广雅疏证_王念孙:14031:廣志
广雅	广雅	1	高频/广雅.md	1498	37	0	1535	广雅疏证_王念孙,经义述闻_王引之,经传释词_王引之,读书杂志_王念孙	广雅疏证_王念孙,经义述闻_王引之,经传释词_王引之,读书杂志_王念孙	读书杂志_王念孙:25:廣雅疏證 | 读书杂志_王念孙:27:廣雅疏證 | 读书杂志_王念孙:29:廣雅疏證
庄子	庄子	1	高频/庄子.md	778	0	0	778	广雅疏证_王念孙,经义述闻_王引之,经传释词_王引之,读书杂志_王念孙	广雅疏证_王念孙,经义述闻_王引之,经传释词_王引之,读书杂志_王念孙	读书杂志_王念孙:37:莊子 | 读书杂志_王念孙:53:莊子 | 读书杂志_王念孙:487:莊子·漁父篇
庄子注	庄子注	1	低频/庄子注.md	2	0	0	2	广雅疏证_王念孙	广雅疏证_王念孙	广雅疏证_王念孙:4209:莊子注 | 广雅疏证_王念孙:12883:莊子注
开元占经	开元占经	1	中频/开元占经.md	153	0	0	153	广雅疏证_王念孙,经义述闻_王引之,读书杂志_王念孙	广雅疏证_王念孙,经义述闻_王引之,读书杂志_王念孙	读书杂志_王念孙:175:開元占經·順逆略例篇 | 读书杂志_王念孙:1893:開元占經·五星占 | 读书杂志_王念孙:1897:開元占經·五星占
急就篇	急就篇	2	中频/急就篇（启蒙蒙学）.md | 中频/急就篇（小学）.md	140	0	0	140	广雅疏证_王念孙,经义述闻_王引之,读书杂志_王念孙	广雅疏证_王念孙,经义述闻_王引之,读书杂志_王念孙	读书杂志_王念孙:1967:急就篇 | 读书杂志_王念孙:6235:急就篇 | 读书杂志_王念孙:6841:急就篇
意林	意林	2	低频/意林.md | 低频/意林（2）.md	31	0	0	31	经义述闻_王引之,读书杂志_王念孙	经义述闻_王引之,读书杂志_王念孙	读书杂志_王念孙:6671:意林 | 读书杂志_王念孙:13989:意林 | 读书杂志_王念孙:14619:意林
慎子	慎子	1	低频/慎子.md	10	0	0	10	经义述闻_王引之,经传释词_王引之,读书杂志_王念孙	经义述闻_王引之,经传释词_王引之,读书杂志_王念孙	读书杂志_王念孙:21803:慎子 | 读书杂志_王念孙:22719:慎子 | 读书杂志_王念孙:22719:慎子
抱朴子外篇	抱朴子外篇	2	低频/抱朴子外篇（正统道藏太清部）.md | 低频/抱朴子外篇（藏外）.md	1	0	0	1	读书杂志_王念孙	读书杂志_王念孙	读书杂志_王念孙:29691:抱朴子外篇·博喻
搜神记	搜神记	2	低频/搜神记.md | 低频/搜神记（2）.md	3	0	0	3	广雅疏证_王念孙	广雅疏证_王念孙	广雅疏证_王念孙:19305:搜神記 | 广雅疏证_王念孙:19305:搜神記 | 广雅疏证_王念孙:19837:搜神記
政论	政论	1	低频/政论.md	1	0	0	1	广雅疏证_王念孙	广雅疏证_王念孙	广雅疏证_王念孙:15035:政論
文子	文子	1	高频/文子.md	302	0	0	302	广雅疏证_王念孙,经义述闻_王引之,读书杂志_王念孙	广雅疏证_王念孙,经义述闻_王引之,读书杂志_王念孙	读书杂志_王念孙:843:文子·符言篇 | 读书杂志_王念孙:847:文子 | 读书杂志_王念孙:2663:文子·上德篇
文心雕龙	文心雕龙	1	低频/文心雕龙.md	2	0	0	2	广雅疏证_王念孙,经义述闻_王引之	广雅疏证_王念孙,经义述闻_王引之	广雅疏证_王念孙:16261:文心雕龍 | 经义述闻_王引之:1813:文心雕龍·練字篇
文赋	文赋	1	低频/文赋.md	16	0	0	16	广雅疏证_王念孙,读书杂志_王念孙	广雅疏证_王念孙,读书杂志_王念孙	读书杂志_王念孙:3317:文賦 | 读书杂志_王念孙:10341:文賦 | 读书杂志_王念孙:20955:文賦
文选	文选	1	高频/文选.md	751	0	0	751	广雅疏证_王念孙,经义述闻_王引之,经传释词_王引之,读书杂志_王念孙	广雅疏证_王念孙,经义述闻_王引之,经传释词_王引之,读书杂志_王念孙	读书杂志_王念孙:37:文選 | 读书杂志_王念孙:53:文選 | 读书杂志_王念孙:453:文選·魯靈光殿賦
文选注	文选注	1	中频/文选注.md	65	751	0	816	广雅疏证_王念孙,经义述闻_王引之,经传释词_王引之,读书杂志_王念孙	广雅疏证_王念孙,经义述闻_王引之,经传释词_王引之,读书杂志_王念孙	读书杂志_王念孙:37:文選 | 读书杂志_王念孙:53:文選 | 读书杂志_王念孙:453:文選·魯靈光殿賦
新书	新书	1	低频/新书.md	6	0	0	6	广雅疏证_王念孙,经义述闻_王引之,读书杂志_王念孙	广雅疏证_王念孙,经义述闻_王引之,读书杂志_王念孙	读书杂志_王念孙:29173:新書·勸學篇 | 广雅疏证_王念孙:7099:新書 | 广雅疏证_王念孙:8457:新書
新序	新序	1	中频/新序.md	147	0	0	147	广雅疏证_王念孙,经义述闻_王引之,经传释词_王引之,读书杂志_王念孙	广雅疏证_王念孙,经义述闻_王引之,经传释词_王引之,读书杂志_王念孙	读书杂志_王念孙:545:新序·雜事篇 | 读书杂志_王念孙:1055:新序·雜事篇 | 读书杂志_王念孙:1055:新序
新论	新论	1	低频/新论.md	17	0	0	17	广雅疏证_王念孙,经义述闻_王引之,读书杂志_王念孙	广雅疏证_王念孙,经义述闻_王引之,读书杂志_王念孙	读书杂志_王念孙:2211:新論·通塞篇 | 读书杂志_王念孙:20897:新論·崇學篇 | 读书杂志_王念孙:24191:新論·觀量篇
方言	方言	1	高频/方言.md	1265	30	0	1295	广雅疏证_王念孙,经义述闻_王引之,经传释词_王引之,读书杂志_王念孙	广雅疏证_王念孙,经义述闻_王引之,经传释词_王引之,读书杂志_王念孙	读书杂志_王念孙:29:方言疏證補 | 读书杂志_王念孙:29:方言廣雅小爾雅分韻 | 读书杂志_王念孙:31:方言
日知录	日知录	2	低频/日知录.md | 低频/日知录（2）.md	25	0	0	25	经义述闻_王引之,经传释词_王引之,读书杂志_王念孙	经义述闻_王引之,经传释词_王引之,读书杂志_王念孙	读书杂志_王念孙:25:日知録 | 读书杂志_王念孙:55:日知録 | 读书杂志_王念孙:55:日知録
昌言	昌言	1	低频/昌言.md	1	0	0	1	广雅疏证_王念孙	广雅疏证_王念孙	广雅疏证_王念孙:10481:昌言
易林	易林	1	中频/易林.md	82	0	0	82	广雅疏证_王念孙,经义述闻_王引之,读书杂志_王念孙	广雅疏证_王念孙,经义述闻_王引之,读书杂志_王念孙	读书杂志_王念孙:1619:易林·益之臨 | 读书杂志_王念孙:3019:易林·家人之咸 | 读书杂志_王念孙:6841:易林·睽之大壯
易汉学	易汉学	1	低频/易汉学.md	1	0	0	1	经义述闻_王引之	经义述闻_王引之	经义述闻_王引之:239:易漢學
易音	易音	1	低频/易音.md	2	0	0	2	经义述闻_王引之	经义述闻_王引之	经义述闻_王引之:343:易音 | 经义述闻_王引之:467:易音
春秋公羊传	春秋公羊传	1	低频/春秋公羊传.md	2	335	1600	1937	经传释词_王引之,读书杂志_王念孙	广雅疏证_王念孙,经义述闻_王引之,经传释词_王引之,读书杂志_王念孙	读书杂志_王念孙:37:晏子春秋 | 读书杂志_王念孙:37:吕氏春秋 | 读书杂志_王念孙:39:春秋左傳
春秋公羊传注疏	春秋公羊传注疏	1	低频/春秋公羊传注疏.md	0	337	1600	1937		广雅疏证_王念孙,经义述闻_王引之,经传释词_王引之,读书杂志_王念孙	读书杂志_王念孙:37:晏子春秋 | 读书杂志_王念孙:37:吕氏春秋 | 读书杂志_王念孙:39:春秋左傳
春秋左传	春秋左传	1	低频/春秋左传.md	10	2063	1592	3665	广雅疏证_王念孙,经义述闻_王引之,读书杂志_王念孙	广雅疏证_王念孙,经义述闻_王引之,经传释词_王引之,读书杂志_王念孙	读书杂志_王念孙:37:晏子春秋 | 读书杂志_王念孙:37:吕氏春秋 | 读书杂志_王念孙:39:春秋左傳
春秋左传正义	春秋左传正义	1	低频/春秋左传正义.md	0	2073	1592	3665		广雅疏证_王念孙,经义述闻_王引之,经传释词_王引之,读书杂志_王念孙	读书杂志_王念孙:37:晏子春秋 | 读书杂志_王念孙:37:吕氏春秋 | 读书杂志_王念孙:39:春秋左傳
春秋左传注疏	春秋左传注疏	1	低频/春秋左传注疏.md	0	2073	1592	3665		广雅疏证_王念孙,经义述闻_王引之,经传释词_王引之,读书杂志_王念孙	读书杂志_王念孙:37:晏子春秋 | 读书杂志_王念孙:37:吕氏春秋 | 读书杂志_王念孙:39:春秋左傳
春秋左氏传补注	春秋左氏传补注	1	低频/春秋左氏传补注.md	0	2073	1592	3665		广雅疏证_王念孙,经义述闻_王引之,经传释词_王引之,读书杂志_王念孙	读书杂志_王念孙:37:晏子春秋 | 读书杂志_王念孙:37:吕氏春秋 | 读书杂志_王念孙:39:春秋左傳
春秋年表	春秋年表	1	低频/春秋年表.md	0	0	1602	1602		广雅疏证_王念孙,经义述闻_王引之,经传释词_王引之,读书杂志_王念孙	读书杂志_王念孙:37:晏子春秋 | 读书杂志_王念孙:37:吕氏春秋 | 读书杂志_王念孙:39:春秋左傳
春秋繁露	春秋繁露	1	中频/春秋繁露.md	63	0	1539	1602	广雅疏证_王念孙,经义述闻_王引之,经传释词_王引之,读书杂志_王念孙	广雅疏证_王念孙,经义述闻_王引之,经传释词_王引之,读书杂志_王念孙	读书杂志_王念孙:37:晏子春秋 | 读书杂志_王念孙:37:吕氏春秋 | 读书杂志_王念孙:39:春秋左傳
春秋纂言	春秋纂言	1	低频/春秋纂言.md	0	0	1602	1602		广雅疏证_王念孙,经义述闻_王引之,经传释词_王引之,读书杂志_王念孙	读书杂志_王念孙:37:晏子春秋 | 读书杂志_王念孙:37:吕氏春秋 | 读书杂志_王念孙:39:春秋左傳
春秋考	春秋考	1	低频/春秋考.md	0	0	1602	1602		广雅疏证_王念孙,经义述闻_王引之,经传释词_王引之,读书杂志_王念孙	读书杂志_王念孙:37:晏子春秋 | 读书杂志_王念孙:37:吕氏春秋 | 读书杂志_王念孙:39:春秋左傳
春秋谷梁传	春秋谷梁传	1	低频/春秋谷梁传.md	1	160	1601	1762	读书杂志_王念孙	广雅疏证_王念孙,经义述闻_王引之,经传释词_王引之,读书杂志_王念孙	读书杂志_王念孙:37:晏子春秋 | 读书杂志_王念孙:37:吕氏春秋 | 读书杂志_王念孙:39:春秋左傳
春秋谷梁传注疏	春秋穀梁传注疏	2	低频/春秋穀梁传注疏.md | 低频/春秋谷梁传注疏.md	0	161	1601	1762		广雅疏证_王念孙,经义述闻_王引之,经传释词_王引之,读书杂志_王念孙	读书杂志_王念孙:37:晏子春秋 | 读书杂志_王念孙:37:吕氏春秋 | 读书杂志_王念孙:39:春秋左傳
春秋通义	春秋通义	1	低频/春秋通义.md	0	0	1602	1602		广雅疏证_王念孙,经义述闻_王引之,经传释词_王引之,读书杂志_王念孙	读书杂志_王念孙:37:晏子春秋 | 读书杂志_王念孙:37:吕氏春秋 | 读书杂志_王念孙:39:春秋左傳
春秋通论	春秋通论	1	低频/春秋通论.md	0	0	1602	1602		广雅疏证_王念孙,经义述闻_王引之,经传释词_王引之,读书杂志_王念孙	读书杂志_王念孙:37:晏子春秋 | 读书杂志_王念孙:37:吕氏春秋 | 读书杂志_王念孙:39:春秋左傳
春秋通说	春秋通说	1	低频/春秋通说.md	0	0	1602	1602		广雅疏证_王念孙,经义述闻_王引之,经传释词_王引之,读书杂志_王念孙	读书杂志_王念孙:37:晏子春秋 | 读书杂志_王念孙:37:吕氏春秋 | 读书杂志_王念孙:39:春秋左傳
春秋释例	春秋释例	1	低频/春秋释例.md	0	0	1602	1602		广雅疏证_王念孙,经义述闻_王引之,经传释词_王引之,读书杂志_王念孙	读书杂志_王念孙:37:晏子春秋 | 读书杂志_王念孙:37:吕氏春秋 | 读书杂志_王念孙:39:春秋左傳
春秋集传	春秋集传	1	低频/春秋集传.md	0	0	1602	1602		广雅疏证_王念孙,经义述闻_王引之,经传释词_王引之,读书杂志_王念孙	读书杂志_王念孙:37:晏子春秋 | 读书杂志_王念孙:37:吕氏春秋 | 读书杂志_王念孙:39:春秋左傳
晋书	晋书	1	中频/晋书.md	66	0	0	66	广雅疏证_王念孙,经义述闻_王引之,经传释词_王引之,读书杂志_王念孙	广雅疏证_王念孙,经义述闻_王引之,经传释词_王引之,读书杂志_王念孙	读书杂志_王念孙:1901:晉書·天文志 | 读书杂志_王念孙:1917:晉書 | 读书杂志_王念孙:1925:晉書·天文志
晏子春秋	晏子春秋	1	中频/晏子春秋.md	101	0	0	101	广雅疏证_王念孙,经义述闻_王引之,经传释词_王引之,读书杂志_王念孙	广雅疏证_王念孙,经义述闻_王引之,经传释词_王引之,读书杂志_王念孙	读书杂志_王念孙:37:晏子春秋 | 读书杂志_王念孙:93:晏子春秋 | 读书杂志_王念孙:115:晏子春秋
曾子	曾子	1	低频/曾子.md	21	0	0	21	经义述闻_王引之,读书杂志_王念孙	经义述闻_王引之,读书杂志_王念孙	读书杂志_王念孙:20917:羣書治要·曾子·制言篇 | 读书杂志_王念孙:20917:曾子 | 读书杂志_王念孙:20917:曾子
本草图经	本草图经	1	低频/本草图经.md	30	0	0	30	广雅疏证_王念孙,读书杂志_王念孙	广雅疏证_王念孙,读书杂志_王念孙	读书杂志_王念孙:28023:本草圖經 | 读书杂志_王念孙:28023:本草圖經 | 读书杂志_王念孙:29439:本草圖經
本草纲目	本草纲目	1	低频/本草纲目.md	1	0	0	1	广雅疏证_王念孙	广雅疏证_王念孙	广雅疏证_王念孙:20889:本草纲目
本草衍义	本草衍义	1	低频/本草衍义.md	7	0	0	7	广雅疏证_王念孙	广雅疏证_王念孙	广雅疏证_王念孙:18457:本草衍義 | 广雅疏证_王念孙:18913:本草衍義 | 广雅疏证_王念孙:19169:本草衍義
桂海虞衡志	桂海虞衡志	1	低频/桂海虞衡志.md	1	0	0	1	广雅疏证_王念孙	广雅疏证_王念孙	广雅疏证_王念孙:19913:桂海虞衡志
梁书	梁书	1	低频/梁书.md	2	0	0	2	广雅疏证_王念孙,经义述闻_王引之	广雅疏证_王念孙,经义述闻_王引之	广雅疏证_王念孙:18291:梁書·羊侃傳 | 经义述闻_王引之:205:梁書·武帝紀
梁州记	梁州记	1	低频/梁州记.md	1	0	0	1	广雅疏证_王念孙	广雅疏证_王念孙	广雅疏证_王念孙:20459:梁州記
楚辞	楚辞	1	高频/楚辞.md	679	0	0	679	广雅疏证_王念孙,经义述闻_王引之,经传释词_王引之,读书杂志_王念孙	广雅疏证_王念孙,经义述闻_王引之,经传释词_王引之,读书杂志_王念孙	读书杂志_王念孙:37:楚辭 | 读书杂志_王念孙:53:楚辭 | 读书杂志_王念孙:243:楚辭·離騷
楚辞补注	楚辞补注	1	低频/楚辞补注.md	7	0	0	7	读书杂志_王念孙	读书杂志_王念孙	读书杂志_王念孙:1165:楚辭補注 | 读书杂志_王念孙:3415:楚辭補注·離騷篇 | 读书杂志_王念孙:24419:楚辭補注
武陵记	武陵记	1	低频/武陵记.md	1	0	0	1	广雅疏证_王念孙	广雅疏证_王念孙	广雅疏证_王念孙:18645:武陵記
毛诗故训传	毛诗故训传	1	低频/毛诗故训传.md	3	0	0	3	经义述闻_王引之	经义述闻_王引之	经义述闻_王引之:885:毛詩故訓傳 | 经义述闻_王引之:1507:毛詩故訓傳 | 经义述闻_王引之:3145:毛詩故訓傳
毛诗正义	毛诗正义	1	低频/毛诗正义.md	3	0	0	3	广雅疏证_王念孙,经义述闻_王引之,经传释词_王引之	广雅疏证_王念孙,经义述闻_王引之,经传释词_王引之	广雅疏证_王念孙:20887:毛诗正义 | 经传释词_王引之:1429:毛詩正義 | 经义述闻_王引之:9151:毛詩正義
水经	水经	1	高频/水经.md	217	0	0	217	广雅疏证_王念孙,经义述闻_王引之,经传释词_王引之,读书杂志_王念孙	广雅疏证_王念孙,经义述闻_王引之,经传释词_王引之,读书杂志_王念孙	读书杂志_王念孙:599:水經· 水注 | 读书杂志_王念孙:1575:水經·河水注 | 读书杂志_王念孙:1637:水經·濟水篇
水经注	水经注	1	中频/水经注.md	67	0	0	67	广雅疏证_王念孙,经义述闻_王引之,读书杂志_王念孙	广雅疏证_王念孙,经义述闻_王引之,读书杂志_王念孙	读书杂志_王念孙:433:水經注 | 读书杂志_王念孙:433:水經注 | 读书杂志_王念孙:437:水經注
水经注释	水经注释	1	低频/水经注释.md	3	0	0	3	读书杂志_王念孙	读书杂志_王念孙	读书杂志_王念孙:7475:水經注釋 | 读书杂志_王念孙:7475:水經注釋 | 读书杂志_王念孙:8047:水經注釋
汉上易传	汉上易传	1	低频/汉上易传.md	1	0	0	1	经义述闻_王引之	经义述闻_王引之	经义述闻_王引之:447:漢上易傳
汉书	汉书	1	高频/汉书.md	2317	0	0	2317	广雅疏证_王念孙,经义述闻_王引之,经传释词_王引之,读书杂志_王念孙	广雅疏证_王念孙,经义述闻_王引之,经传释词_王引之,读书杂志_王念孙	读书杂志_王念孙:37:漢書 | 读书杂志_王念孙:69:漢書 | 读书杂志_王念孙:237:漢書·賈誼傳
沙州记	沙州记	1	低频/沙州记.md	1	0	0	1	经义述闻_王引之	经义述闻_王引之	经义述闻_王引之:949:沙州記
法华文句记	法华文句记	2	低频/法华文句记（乾隆藏）.md | 低频/法华文句记（大藏经）.md	1	0	0	1	广雅疏证_王念孙	广雅疏证_王念孙	广雅疏证_王念孙:1815:法華文句記
法苑珠林	法苑珠林	3	低频/法苑珠林（乾隆藏）.md | 低频/法苑珠林（大藏经）.md | 低频/法苑珠林（藏外）.md	8	0	0	8	广雅疏证_王念孙,读书杂志_王念孙	广雅疏证_王念孙,读书杂志_王念孙	读书杂志_王念孙:14607:法苑珠林·六道篇 | 读书杂志_王念孙:14607:法苑珠林 | 读书杂志_王念孙:14607:法苑珠林
洞冥记	洞冥记	1	低频/洞冥记.md	1	0	0	1	广雅疏证_王念孙	广雅疏证_王念孙	广雅疏证_王念孙:18397:洞冥記
淮南子	淮南子	1	高频/淮南子.md	500	0	0	500	广雅疏证_王念孙,经义述闻_王引之,经传释词_王引之,读书杂志_王念孙	广雅疏证_王念孙,经义述闻_王引之,经传释词_王引之,读书杂志_王念孙	读书杂志_王念孙:37:淮南子 | 读书杂志_王念孙:71:淮南子 | 读书杂志_王念孙:79:淮南子
湘中记	湘中记	1	低频/湘中记.md	1	0	0	1	广雅疏证_王念孙	广雅疏证_王念孙	广雅疏证_王念孙:1787:湘中記
物理论	物理论	1	低频/物理论.md	2	0	0	2	广雅疏证_王念孙	广雅疏证_王念孙	广雅疏证_王念孙:18297:物理論 | 广雅疏证_王念孙:19007:物理論
玄中记	玄中记	1	低频/玄中记.md	3	0	0	3	广雅疏证_王念孙,读书杂志_王念孙	广雅疏证_王念孙,读书杂志_王念孙	读书杂志_王念孙:3469:玄中記 | 读书杂志_王念孙:30845:玄中記 | 广雅疏证_王念孙:17805:玄中記
玉海	玉海	1	中频/玉海.md	52	0	0	52	广雅疏证_王念孙,经义述闻_王引之,读书杂志_王念孙	广雅疏证_王念孙,经义述闻_王引之,读书杂志_王念孙	读书杂志_王念孙:205:玉海 | 读书杂志_王念孙:291:玉海 | 读书杂志_王念孙:381:玉海
班马字类	班马字类	1	低频/班马字类.md	5	0	0	5	读书杂志_王念孙	读书杂志_王念孙	读书杂志_王念孙:2133:班馬字類 | 读书杂志_王念孙:2371:班馬字類·十九臻韻 | 读书杂志_王念孙:3531:班馬字類
琴操	琴操	1	低频/琴操.md	3	0	0	3	广雅疏证_王念孙,经义述闻_王引之,读书杂志_王念孙	广雅疏证_王念孙,经义述闻_王引之,读书杂志_王念孙	读书杂志_王念孙:29259:琴操 | 广雅疏证_王念孙:17151:琴操 | 经义述闻_王引之:663:琴操
申子	申子	1	低频/申子.md	2	0	0	2	经义述闻_王引之,读书杂志_王念孙	经义述闻_王引之,读书杂志_王念孙	读书杂志_王念孙:8359:申子 | 经义述闻_王引之:3431:申子·大體篇
白虎通义	白虎通义	2	中频/白虎通义.md | 中频/白虎通义（2）.md	130	0	0	130	广雅疏证_王念孙,经义述闻_王引之,读书杂志_王念孙	广雅疏证_王念孙,经义述闻_王引之,读书杂志_王念孙	读书杂志_王念孙:1615:白虎通義 | 读书杂志_王念孙:6841:白虎通義·禮樂篇 | 读书杂志_王念孙:8889:白虎通義
礼记	礼记	1	高频/礼记.md	315	0	0	315	广雅疏证_王念孙,经义述闻_王引之,经传释词_王引之,读书杂志_王念孙	广雅疏证_王念孙,经义述闻_王引之,经传释词_王引之,读书杂志_王念孙	读书杂志_王念孙:39:禮記 | 读书杂志_王念孙:453:禮記 | 读书杂志_王念孙:491:禮記
礼记正义	礼记正义	1	低频/礼记正义.md	7	0	0	7	广雅疏证_王念孙,经义述闻_王引之	广雅疏证_王念孙,经义述闻_王引之	广雅疏证_王念孙:12677:禮記正義 | 广雅疏证_王念孙:12889:禮記正義 | 广雅疏证_王念孙:17241:禮記正義
礼记纂言	礼记纂言	1	低频/礼记纂言.md	5	0	0	5	经义述闻_王引之	经义述闻_王引之	经义述闻_王引之:3245:禮記纂言 | 经义述闻_王引之:3279:禮記纂言 | 经义述闻_王引之:3359:禮記纂言
礼记集说	礼记集说	1	低频/礼记集说.md	2	0	0	2	经义述闻_王引之	经义述闻_王引之	经义述闻_王引之:1947:禮記集説 | 经义述闻_王引之:3179:禮記集説
神仙传	神仙传	1	低频/神仙传.md	4	0	0	4	广雅疏证_王念孙,读书杂志_王念孙	广雅疏证_王念孙,读书杂志_王念孙	读书杂志_王念孙:3469:神仙傳 | 读书杂志_王念孙:28471:神仙傳 | 广雅疏证_王念孙:35:神仙傳
神农本草经	神农本草经	1	低频/神农本草经.md	3	113	0	116	广雅疏证_王念孙	广雅疏证_王念孙,经义述闻_王引之	广雅疏证_王念孙:15341:神農本草 | 广雅疏证_王念孙:15741:神農本草 | 广雅疏证_王念孙:18417:神農本草
神农本草经清孙星衍	神农本草经-清-孙星衍	1	低频/神农本草经-清-孙星衍.md	0	116	0	116		广雅疏证_王念孙,经义述闻_王引之	广雅疏证_王念孙:15341:神農本草 | 广雅疏证_王念孙:15741:神農本草 | 广雅疏证_王念孙:18417:神農本草
神异经	神异经	1	低频/神异经.md	1	0	0	1	广雅疏证_王念孙	广雅疏证_王念孙	广雅疏证_王念孙:20615:神異經
穆天子传	穆天子传	3	低频/穆天子传.md | 低频/穆天子传（2）.md | 低频/穆天子传（3）.md	36	0	0	36	广雅疏证_王念孙,经义述闻_王引之,读书杂志_王念孙	广雅疏证_王念孙,经义述闻_王引之,读书杂志_王念孙	读书杂志_王念孙:2737:穆天子傳 | 读书杂志_王念孙:2981:穆天子傳 | 读书杂志_王念孙:6549:穆天子傳
竹书纪年	竹书纪年	1	低频/竹书纪年.md	14	0	0	14	广雅疏证_王念孙,经义述闻_王引之,经传释词_王引之,读书杂志_王念孙	广雅疏证_王念孙,经义述闻_王引之,经传释词_王引之,读书杂志_王念孙	读书杂志_王念孙:737:竹書紀年 | 读书杂志_王念孙:1369:竹書紀年 | 读书杂志_王念孙:6553:竹書紀年
管子	管子	1	高频/管子.md	660	0	0	660	广雅疏证_王念孙,经义述闻_王引之,经传释词_王引之,读书杂志_王念孙	广雅疏证_王念孙,经义述闻_王引之,经传释词_王引之,读书杂志_王念孙	读书杂志_王念孙:37:管子 | 读书杂志_王念孙:61:管子 | 读书杂志_王念孙:61:管子
类篇	类篇	1	中频/类篇.md	186	0	0	186	广雅疏证_王念孙,经义述闻_王引之,读书杂志_王念孙	广雅疏证_王念孙,经义述闻_王引之,读书杂志_王念孙	读书杂志_王念孙:1279:類篇 | 读书杂志_王念孙:7293:類篇 | 读书杂志_王念孙:7593:類篇
经义考	经义考	2	低频/经义考.md | 低频/经义考（2）.md	1	0	0	1	经义述闻_王引之	经义述闻_王引之	经义述闻_王引之:885:經義考
经典释文	经典释文	1	低频/经典释文.md	15	799	0	814	广雅疏证_王念孙,经义述闻_王引之,经传释词_王引之,读书杂志_王念孙	广雅疏证_王念孙,经义述闻_王引之,经传释词_王引之,读书杂志_王念孙	读书杂志_王念孙:39:後人改注疏釋文 | 读书杂志_王念孙:91:經典釋文 | 读书杂志_王念孙:679:爾雅釋文
经说	经说	1	低频/经说.md	1	0	0	1	读书杂志_王念孙	读书杂志_王念孙	读书杂志_王念孙:17331:經説
续博物志	续博物志	1	低频/续博物志.md	3	0	0	3	读书杂志_王念孙	读书杂志_王念孙	读书杂志_王念孙:28023:續博物志 | 读书杂志_王念孙:28023:續博物志 | 读书杂志_王念孙:28023:續博物志
群书治要六韬	群书治要六韬	1	低频/群书治要六韬.md	0	334	0	334		经义述闻_王引之,读书杂志_王念孙	读书杂志_王念孙:73:群書治要 | 读书杂志_王念孙:77:群書治要 | 读书杂志_王念孙:291:羣書治要
群经音辨	群经音辨	1	低频/群经音辨.md	11	0	0	11	广雅疏证_王念孙,经义述闻_王引之,经传释词_王引之,读书杂志_王念孙	广雅疏证_王念孙,经义述闻_王引之,经传释词_王引之,读书杂志_王念孙	读书杂志_王念孙:3335:羣經音辨 | 读书杂志_王念孙:9251:羣經音辨 | 读书杂志_王念孙:21041:羣經音辨
考古图	考古图	1	低频/考古图.md	1	0	0	1	经义述闻_王引之	经义述闻_王引之	经义述闻_王引之:487:考古圖
艺文类聚	艺文类聚	1	高频/艺文类聚.md	357	0	0	357	广雅疏证_王念孙,经义述闻_王引之,经传释词_王引之,读书杂志_王念孙	广雅疏证_王念孙,经义述闻_王引之,经传释词_王引之,读书杂志_王念孙	读书杂志_王念孙:397:藝文類聚·帝王部二 | 读书杂志_王念孙:409:藝文類聚·寶部上 | 读书杂志_王念孙:433:藝文類聚·居處部三
茶经	茶经	1	低频/茶经.md	3	0	0	3	广雅疏证_王念孙	广雅疏证_王念孙	广雅疏证_王念孙:18525:茶經 | 广雅疏证_王念孙:19059:茶經 | 广雅疏证_王念孙:19401:茶經
荀子	荀子	2	高频/荀子.md | 高频/荀子（2）.md	717	0	0	717	广雅疏证_王念孙,经义述闻_王引之,经传释词_王引之,读书杂志_王念孙	广雅疏证_王念孙,经义述闻_王引之,经传释词_王引之,读书杂志_王念孙	读书杂志_王念孙:37:荀子 | 读书杂志_王念孙:271:荀子·勸學篇 | 读书杂志_王念孙:487:荀子·富國篇
荆州记	荆州记	1	低频/荆州记.md	2	0	0	2	广雅疏证_王念孙	广雅疏证_王念孙	广雅疏证_王念孙:18299:荆州記 | 广雅疏证_王念孙:20249:荆州記
蜀王本纪	蜀王本纪	1	低频/蜀王本纪.md	2	0	0	2	广雅疏证_王念孙,读书杂志_王念孙	广雅疏证_王念孙,读书杂志_王念孙	读书杂志_王念孙:9549:蜀王本紀 | 广雅疏证_王念孙:20025:蜀王本紀
蜀记	蜀记	1	低频/蜀记.md	1	0	0	1	广雅疏证_王念孙	广雅疏证_王念孙	广雅疏证_王念孙:20025:蜀記
西京杂记	西京杂记	2	低频/西京杂记.md | 低频/西京杂记（2）.md	16	0	0	16	广雅疏证_王念孙,经义述闻_王引之	广雅疏证_王念孙,经义述闻_王引之	广雅疏证_王念孙:5947:西京雜記 | 广雅疏证_王念孙:7405:西京雜記 | 广雅疏证_王念孙:7405:西京雜記
諡法	諡法	1	低频/諡法.md	1	0	0	1	经义述闻_王引之	经义述闻_王引之	经义述闻_王引之:8985:諡法
论衡	论衡	2	中频/论衡（笔记）.md | 中频/论衡（诸子）.md	171	0	0	171	广雅疏证_王念孙,经义述闻_王引之,经传释词_王引之,读书杂志_王念孙	广雅疏证_王念孙,经义述闻_王引之,经传释词_王引之,读书杂志_王念孙	读书杂志_王念孙:491:論衡 | 读书杂志_王念孙:1531:論衡·異虚篇 | 读书杂志_王念孙:1823:論衡
证类本草	证类本草	1	低频/证类本草.md	6	0	0	6	广雅疏证_王念孙,经义述闻_王引之,读书杂志_王念孙	广雅疏证_王念孙,经义述闻_王引之,读书杂志_王念孙	读书杂志_王念孙:24187:證類本草 | 广雅疏证_王念孙:19401:證類本草 | 广雅疏证_王念孙:20891:证类本草
诗序	诗序	1	低频/诗序.md	25	0	0	25	广雅疏证_王念孙,经义述闻_王引之,读书杂志_王念孙	广雅疏证_王念孙,经义述闻_王引之,读书杂志_王念孙	读书杂志_王念孙:8669:詩序 | 读书杂志_王念孙:17171:詩序 | 读书杂志_王念孙:30237:詩序
诗攷	诗攷	1	低频/诗攷.md	7	0	0	7	经传释词_王引之,读书杂志_王念孙	经传释词_王引之,读书杂志_王念孙	读书杂志_王念孙:2275:詩攷 | 读书杂志_王念孙:7221:詩攷 | 读书杂志_王念孙:15913:詩攷
诗本音	诗本音	1	低频/诗本音.md	3	0	0	3	经义述闻_王引之,读书杂志_王念孙	经义述闻_王引之,读书杂志_王念孙	读书杂志_王念孙:17393:詩本音·陳風·月出篇 | 读书杂志_王念孙:17521:詩本音·陳風·月出篇 | 经义述闻_王引之:1979:詩本音
诗经	诗经	1	低频/诗经.md	1	0	0	1	经义述闻_王引之	经义述闻_王引之	经义述闻_王引之:1507:詩經
诗考	诗考	1	低频/诗考.md	3	0	0	3	经义述闻_王引之	经义述闻_王引之	经义述闻_王引之:1289:詩考 | 经义述闻_王引之:1485:詩考 | 经义述闻_王引之:7659:詩考
诗说	诗说	1	低频/诗说.md	2	0	0	2	经义述闻_王引之	经义述闻_王引之	经义述闻_王引之:133:詩説 | 经义述闻_王引之:1089:詩説
说文解字	说文解字	1	低频/说文解字.md	11	5113	0	5124	广雅疏证_王念孙,经义述闻_王引之,读书杂志_王念孙	广雅疏证_王念孙,经义述闻_王引之,经传释词_王引之,读书杂志_王念孙	读书杂志_王念孙:27:説文 | 读书杂志_王念孙:27:説文 | 读书杂志_王念孙:29:説文諧聲譜
说文解字注	说文解字注	1	低频/说文解字注.md	0	5124	0	5124		广雅疏证_王念孙,经义述闻_王引之,经传释词_王引之,读书杂志_王念孙	读书杂志_王念孙:27:説文 | 读书杂志_王念孙:27:説文 | 读书杂志_王念孙:29:説文諧聲譜
说苑	说苑	1	高频/说苑.md	294	0	0	294	广雅疏证_王念孙,经义述闻_王引之,经传释词_王引之,读书杂志_王念孙	广雅疏证_王念孙,经义述闻_王引之,经传释词_王引之,读书杂志_王念孙	读书杂志_王念孙:1099:説苑·辨物篇 | 读书杂志_王念孙:1099:説苑 | 读书杂志_王念孙:1143:説苑
路史	路史	1	低频/路史.md	22	0	0	22	广雅疏证_王念孙,经义述闻_王引之,读书杂志_王念孙	广雅疏证_王念孙,经义述闻_王引之,读书杂志_王念孙	读书杂志_王念孙:6313:路史·後紀 | 读书杂志_王念孙:6549:路史 | 读书杂志_王念孙:6553:路史·國名紀
述学	述学	1	低频/述学.md	1	0	0	1	读书杂志_王念孙	读书杂志_王念孙	读书杂志_王念孙:421:述學
述异记	述异记	1	低频/述异记.md	2	0	0	2	广雅疏证_王念孙	广雅疏证_王念孙	广雅疏证_王念孙:18609:述異記 | 广雅疏证_王念孙:19533:述異記
通典	通典	1	中频/通典.md	129	0	0	129	广雅疏证_王念孙,经义述闻_王引之,经传释词_王引之,读书杂志_王念孙	广雅疏证_王念孙,经义述闻_王引之,经传释词_王引之,读书杂志_王念孙	读书杂志_王念孙:2257:通典·職官十五 | 读书杂志_王念孙:2455:通典·禮十三 | 读书杂志_王念孙:2955:通典·兵十三
通志	通志	1	低频/通志.md	4	0	0	4	经义述闻_王引之,读书杂志_王念孙	经义述闻_王引之,读书杂志_王念孙	读书杂志_王念孙:1675:通志·氏族略 | 读书杂志_王念孙:6585:通志·氏族略 | 经义述闻_王引之:5673:通志·氏族略
通雅	通雅	1	低频/通雅.md	2	0	0	2	广雅疏证_王念孙,读书杂志_王念孙	广雅疏证_王念孙,读书杂志_王念孙	读书杂志_王念孙:7293:通雅 | 广雅疏证_王念孙:18325:通雅
逸周书	逸周书	1	高频/逸周书.md	271	0	0	271	广雅疏证_王念孙,经义述闻_王引之,经传释词_王引之,读书杂志_王念孙	广雅疏证_王念孙,经义述闻_王引之,经传释词_王引之,读书杂志_王念孙	读书杂志_王念孙:37:逸周書 | 读书杂志_王念孙:37:逸周書 | 读书杂志_王念孙:65:逸周書
酒经	酒经	1	低频/酒经.md	1	0	0	1	广雅疏证_王念孙	广雅疏证_王念孙	广雅疏证_王念孙:15703:酒經
释名	释名	1	高频/释名.md	538	0	0	538	广雅疏证_王念孙,经义述闻_王引之,经传释词_王引之,读书杂志_王念孙	广雅疏证_王念孙,经义述闻_王引之,经传释词_王引之,读书杂志_王念孙	读书杂志_王念孙:1243:釋名 | 读书杂志_王念孙:2065:釋名 | 读书杂志_王念孙:3113:釋名
重修广韵	重修广韵	1	低频/重修广韵.md	0	913	0	913		广雅疏证_王念孙,经义述闻_王引之,经传释词_王引之,读书杂志_王念孙	读书杂志_王念孙:675:廣韻 | 读书杂志_王念孙:675:廣韻 | 读书杂志_王念孙:675:廣韻
重修玉篇	重修玉篇	1	低频/重修玉篇.md	0	1362	0	1362		广雅疏证_王念孙,经义述闻_王引之,经传释词_王引之,读书杂志_王念孙	读书杂志_王念孙:623:玉篇 | 读书杂志_王念孙:699:玉篇 | 读书杂志_王念孙:997:玉篇
金石录	金石录	1	低频/金石录.md	5	0	0	5	经义述闻_王引之,读书杂志_王念孙	经义述闻_王引之,读书杂志_王念孙	读书杂志_王念孙:3121:金石録 | 读书杂志_王念孙:13111:金石録 | 读书杂志_王念孙:30013:金石録
金石文字记	金石文字记	1	低频/金石文字记.md	3	0	0	3	读书杂志_王念孙	读书杂志_王念孙	读书杂志_王念孙:30055:金石文字記 | 读书杂志_王念孙:30077:金石文字記 | 读书杂志_王念孙:30081:金石文字記
金薤琳琅	金薤琳琅	1	低频/金薤琳琅.md	5	0	0	5	经义述闻_王引之,读书杂志_王念孙	经义述闻_王引之,读书杂志_王念孙	读书杂志_王念孙:30073:金薤琳琅 | 读书杂志_王念孙:30077:金薤琳琅 | 读书杂志_王念孙:30081:金薤琳琅
隋书	隋书	1	低频/隋书.md	20	0	0	20	广雅疏证_王念孙,经义述闻_王引之,读书杂志_王念孙	广雅疏证_王念孙,经义述闻_王引之,读书杂志_王念孙	读书杂志_王念孙:595:隋書·宇文愷傳 | 读书杂志_王念孙:595:隋書 | 读书杂志_王念孙:1949:隋書
集古录	集古录	1	低频/集古录.md	2	0	0	2	经义述闻_王引之,读书杂志_王念孙	经义述闻_王引之,读书杂志_王念孙	读书杂志_王念孙:30013:集古録 | 经义述闻_王引之:487:集古録
集韵	集韵	1	高频/集韵.md	522	3	0	525	广雅疏证_王念孙,经义述闻_王引之,经传释词_王引之,读书杂志_王念孙	广雅疏证_王念孙,经义述闻_王引之,经传释词_王引之,读书杂志_王念孙	读书杂志_王念孙:1279:集韻 | 读书杂志_王念孙:1369:集韻 | 读书杂志_王念孙:1433:集韻
雍录	雍录	1	低频/雍录.md	1	0	0	1	经义述闻_王引之	经义述闻_王引之	经义述闻_王引之:1293:雍録
雷公炮炙论	雷公炮炙论	1	低频/雷公炮炙论.md	2	0	0	2	广雅疏证_王念孙	广雅疏证_王念孙	广雅疏证_王念孙:18765:雷公炮炙論 | 广雅疏证_王念孙:18855:雷公炮炙論
韩诗外传	韩诗外传	1	中频/韩诗外传.md	215	0	0	215	广雅疏证_王念孙,经义述闻_王引之,经传释词_王引之,读书杂志_王念孙	广雅疏证_王念孙,经义述闻_王引之,经传释词_王引之,读书杂志_王念孙	读书杂志_王念孙:1213:韓詩外傳 | 读书杂志_王念孙:1213:韓詩外傳 | 读书杂志_王念孙:1243:韓詩外傳
韩非子	韩非子	3	中频/韩非子.md | 中频/韩非子（法家）.md | 中频/韩非子（诸子）.md	54	0	0	54	广雅疏证_王念孙,经义述闻_王引之,经传释词_王引之,读书杂志_王念孙	广雅疏证_王念孙,经义述闻_王引之,经传释词_王引之,读书杂志_王念孙	读书杂志_王念孙:37:韓非子 | 读书杂志_王念孙:53:韓非子 | 读书杂志_王念孙:929:韓非子
韵府群玉	韵府群玉	1	低频/韵府群玉.md	1	0	0	1	读书杂志_王念孙	读书杂志_王念孙	读书杂志_王念孙:30253:韻府羣玉
韵补	韵补	1	低频/韵补.md	5	0	0	5	读书杂志_王念孙	读书杂志_王念孙	读书杂志_王念孙:1143:韻補 | 读书杂志_王念孙:1143:韻補 | 读书杂志_王念孙:1415:韻補
风俗通义	风俗通义	1	中频/风俗通义.md	77	0	0	77	广雅疏证_王念孙,经义述闻_王引之,读书杂志_王念孙	广雅疏证_王念孙,经义述闻_王引之,读书杂志_王念孙	读书杂志_王念孙:1091:風俗通義·祀典篇 | 读书杂志_王念孙:1675:風俗通義 | 读书杂志_王念孙:1675:風俗通義
风土记	风土记	1	低频/风土记.md	9	0	0	9	广雅疏证_王念孙	广雅疏证_王念孙	广雅疏证_王念孙:14301:風土記 | 广雅疏证_王念孙:14311:風土記 | 广雅疏证_王念孙:18413:風土記
马氏文通	马氏文通	1	低频/马氏文通.md	1	0	0	1	经传释词_王引之	经传释词_王引之	经传释词_王引之:17:馬氏文通
鬼谷子	鬼谷子	2	低频/鬼谷子.md | 低频/鬼谷子（2）.md	15	0	0	15	广雅疏证_王念孙,读书杂志_王念孙	广雅疏证_王念孙,读书杂志_王念孙	读书杂志_王念孙:14261:鬼谷子·符言篇 | 读书杂志_王念孙:15097:鬼谷子·符言篇 | 读书杂志_王念孙:15097:鬼谷子
魏书	魏书	1	低频/魏书.md	9	0	0	9	广雅疏证_王念孙,经义述闻_王引之,读书杂志_王念孙	广雅疏证_王念孙,经义述闻_王引之,读书杂志_王念孙	读书杂志_王念孙:2447:魏書·李騫傳 | 读书杂志_王念孙:7019:魏書·高允傳 | 读书杂志_王念孙:7349:魏書
黄帝内经素问	黄帝内经素问	1	低频/黄帝内经素问.md	0	56	0	56		广雅疏证_王念孙,经义述闻_王引之,读书杂志_王念孙	读书杂志_王念孙:3093:素問·脈要精微論 | 读书杂志_王念孙:3545:素問·徵四失論 | 读书杂志_王念孙:13459:素問·生氣通天論
黄帝内经素问战国佚名	黄帝内经素问-战国-佚名	1	低频/黄帝内经素问-战国-佚名.md	0	56	0	56		广雅疏证_王念孙,经义述闻_王引之,读书杂志_王念孙	读书杂志_王念孙:3093:素問·脈要精微論 | 读书杂志_王念孙:3545:素問·徵四失論 | 读书杂志_王念孙:13459:素問·生氣通天論
齐乘	齐乘	1	低频/齐乘.md	1	0	0	1	读书杂志_王念孙	读书杂志_王念孙	读书杂志_王念孙:7413:齊乘
齐民要术	齐民要术	1	中频/齐民要术.md	106	0	0	106	广雅疏证_王念孙,经义述闻_王引之,读书杂志_王念孙	广雅疏证_王念孙,经义述闻_王引之,读书杂志_王念孙	读书杂志_王念孙:15815:齊民要術 | 读书杂志_王念孙:15819:齊民要術 | 读书杂志_王念孙:28605:齊民要術
