title	title_key	file_count	exact_hits_once	any_hits_once	files
中论	中论	3	11	11	低频/中论.md | 低频/中论（乾隆藏）.md | 低频/中论（大藏经）.md
京氏易传	京氏易传	2	5	5	低频/京氏易传（易经）.md | 低频/京氏易传（术数）.md
人物志	人物志	2	2	2	低频/人物志（笔记）.md | 低频/人物志（诸子）.md
傅子	傅子	2	1	1	低频/傅子.md | 低频/傅子（2）.md
列仙传	列仙传	2	1	1	低频/列仙传（正统道藏洞真部）.md | 低频/列仙传（藏外）.md
初学记	初学记	2	223	223	高频/初学记.md | 高频/初学记（2）.md
博物志	博物志	2	34	34	低频/博物志.md | 低频/博物志（2）.md
司马法	司马法	2	28	28	低频/司马法（兵家）.md | 低频/司马法（诸子）.md
吕氏春秋	吕氏春秋	2	871	871	高频/吕氏春秋（类书）.md | 高频/吕氏春秋（诸子）.md
墨子	墨子	2	377	377	高频/墨子.md | 高频/墨子（2）.md
山海经	山海经	3	29	29	低频/山海经.md | 低频/山海经（2）.md | 低频/山海经（3）.md
急就篇	急就篇	2	140	140	中频/急就篇（启蒙蒙学）.md | 中频/急就篇（小学）.md
意林	意林	2	31	31	低频/意林.md | 低频/意林（2）.md
抱朴子外篇	抱朴子外篇	2	1	1	低频/抱朴子外篇（正统道藏太清部）.md | 低频/抱朴子外篇（藏外）.md
搜神记	搜神记	2	3	3	低频/搜神记.md | 低频/搜神记（2）.md
日知录	日知录	2	25	25	低频/日知录.md | 低频/日知录（2）.md
春秋穀梁传注疏	春秋谷梁传注疏	2	0	1762	低频/春秋穀梁传注疏.md | 低频/春秋谷梁传注疏.md
法华文句记	法华文句记	2	1	1	低频/法华文句记（乾隆藏）.md | 低频/法华文句记（大藏经）.md
法苑珠林	法苑珠林	3	8	8	低频/法苑珠林（乾隆藏）.md | 低频/法苑珠林（大藏经）.md | 低频/法苑珠林（藏外）.md
白虎通义	白虎通义	2	130	130	中频/白虎通义.md | 中频/白虎通义（2）.md
穆天子传	穆天子传	3	36	36	低频/穆天子传.md | 低频/穆天子传（2）.md | 低频/穆天子传（3）.md
经义考	经义考	2	1	1	低频/经义考.md | 低频/经义考（2）.md
荀子	荀子	2	717	717	高频/荀子.md | 高频/荀子（2）.md
西京杂记	西京杂记	2	16	16	低频/西京杂记.md | 低频/西京杂记（2）.md
论衡	论衡	2	171	171	中频/论衡（笔记）.md | 中频/论衡（诸子）.md
韩非子	韩非子	3	54	54	中频/韩非子.md | 中频/韩非子（法家）.md | 中频/韩非子（诸子）.md
鬼谷子	鬼谷子	2	15	15	低频/鬼谷子.md | 低频/鬼谷子（2）.md
