top_k_titles	top_k_title_percent	cumulative_exact_hits	total_exact_hits	exact_coverage_percent
0	0.0	0	25360	0.0
1	0.396825	2434	25360	9.597792
2	0.793651	4751	25360	18.734227
3	1.190476	6898	25360	27.200315
4	1.587302	8396	25360	33.107256
5	1.984127	9661	25360	38.095426
6	2.380952	10742	25360	42.358044
7	2.777778	11613	25360	45.792587
8	3.174603	12391	25360	48.86041
9	3.571429	13142	25360	51.821767
10	3.968254	13859	25360	54.649054
11	4.365079	14538	25360	57.326498
12	4.761905	15198	25360	59.929022
13	5.15873	15736	25360	62.050473
14	5.555556	16258	25360	64.108833
15	5.952381	16758	25360	66.080442
16	6.349206	17200	25360	67.823344
17	6.746032	17634	25360	69.5347
18	7.142857	18011	25360	71.021293
19	7.539683	18383	25360	72.48817
20	7.936508	18740	25360	73.895899
21	8.333333	19055	25360	75.138013
22	8.730159	19357	25360	76.328864
23	9.126984	19651	25360	77.48817
24	9.52381	19922	25360	78.556782
25	9.920635	20145	25360	79.43612
26	10.31746	20362	25360	80.291798
27	10.714286	20577	25360	81.13959
28	11.111111	20771	25360	81.904574
29	11.507937	20963	25360	82.661672
30	11.904762	21154	25360	83.414826
31	12.301587	21340	25360	84.148265
32	12.698413	21511	25360	84.822555
33	13.095238	21670	25360	85.449527
34	13.492063	21823	25360	86.052839
35	13.888889	21970	25360	86.632492
36	14.285714	22110	25360	87.184543
37	14.68254	22240	25360	87.697161
38	15.079365	22369	25360	88.205836
39	15.47619	22487	25360	88.671136
40	15.873016	22601	25360	89.120662
41	16.269841	22707	25360	89.538644
42	16.666667	22808	25360	89.936909
43	17.063492	22890	25360	90.260252
44	17.460317	22971	25360	90.579653
45	17.857143	23050	25360	90.891167
46	18.253968	23127	25360	91.194795
47	18.650794	23197	25360	91.47082
48	19.047619	23265	25360	91.738959
49	19.444444	23332	25360	92.003155
50	19.84127	23398	25360	92.263407
51	20.238095	23463	25360	92.519716
52	20.634921	23527	25360	92.772082
53	21.031746	23590	25360	93.020505
54	21.428571	23651	25360	93.261041
55	21.825397	23708	25360	93.485804
56	22.222222	23763	25360	93.702681
57	22.619048	23817	25360	93.915615
58	23.015873	23869	25360	94.120662
59	23.412698	23919	25360	94.317823
60	23.809524	23963	25360	94.491325
61	24.206349	24006	25360	94.660883
62	24.603175	24046	25360	94.818612
63	25.0	24086	25360	94.976341
64	25.396825	24122	25360	95.118297
65	25.793651	24156	25360	95.252366
66	26.190476	24190	25360	95.386435
67	26.587302	24223	25360	95.516562
68	26.984127	24255	25360	95.642744
69	27.380952	24287	25360	95.768927
70	27.777778	24318	25360	95.891167
71	28.174603	24348	25360	96.009464
72	28.571429	24377	25360	96.123817
73	28.968254	24406	25360	96.23817
74	29.365079	24435	25360	96.352524
75	29.761905	24463	25360	96.462934
76	30.15873	24491	25360	96.573344
77	30.555556	24519	25360	96.683754
78	30.952381	24544	25360	96.782334
79	31.349206	24569	25360	96.880915
80	31.746032	24593	25360	96.975552
81	32.142857	24616	25360	97.066246
82	32.539683	24638	25360	97.152997
83	32.936508	24659	25360	97.235804
84	33.333333	24680	25360	97.318612
85	33.730159	24700	25360	97.397476
86	34.126984	24719	25360	97.472397
87	34.52381	24737	25360	97.543375
88	34.920635	24755	25360	97.614353
89	35.31746	24772	25360	97.681388
90	35.714286	24788	25360	97.744479
91	36.111111	24804	25360	97.807571
92	36.507937	24819	25360	97.866719
93	36.904762	24834	25360	97.925868
94	37.301587	24848	25360	97.981073
95	37.698413	24862	25360	98.036278
96	38.095238	24876	25360	98.091483
97	38.492063	24890	25360	98.146688
98	38.888889	24903	25360	98.19795
99	39.285714	24916	25360	98.249211
100	39.68254	24928	25360	98.29653
101	40.079365	24939	25360	98.339905
102	40.47619	24950	25360	98.383281
103	40.873016	24961	25360	98.426656
104	41.269841	24972	25360	98.470032
105	41.666667	24983	25360	98.513407
106	42.063492	24994	25360	98.556782
107	42.460317	25004	25360	98.596215
108	42.857143	25014	25360	98.635647
109	43.253968	25023	25360	98.671136
110	43.650794	25032	25360	98.706625
111	44.047619	25041	25360	98.742114
112	44.444444	25050	25360	98.777603
113	44.84127	25058	25360	98.809148
114	45.238095	25066	25360	98.840694
115	45.634921	25073	25360	98.868297
116	46.031746	25080	25360	98.895899
117	46.428571	25087	25360	98.923502
118	46.825397	25094	25360	98.951104
119	47.222222	25101	25360	98.978707
120	47.619048	25108	25360	99.006309
121	48.015873	25115	25360	99.033912
122	48.412698	25122	25360	99.061514
123	48.809524	25129	25360	99.089117
124	49.206349	25135	25360	99.112776
125	49.603175	25141	25360	99.136435
126	50.0	25147	25360	99.160095
127	50.396825	25153	25360	99.183754
128	50.793651	25158	25360	99.20347
129	51.190476	25163	25360	99.223186
130	51.587302	25168	25360	99.242902
131	51.984127	25173	25360	99.262618
132	52.380952	25178	25360	99.282334
133	52.777778	25183	25360	99.30205
134	53.174603	25188	25360	99.321767
135	53.571429	25193	25360	99.341483
136	53.968254	25198	25360	99.361199
137	54.365079	25202	25360	99.376972
138	54.761905	25206	25360	99.392744
139	55.15873	25209	25360	99.404574
140	55.555556	25212	25360	99.416404
141	55.952381	25215	25360	99.428233
142	56.349206	25218	25360	99.440063
143	56.746032	25221	25360	99.451893
144	57.142857	25224	25360	99.463722
145	57.539683	25227	25360	99.475552
146	57.936508	25230	25360	99.487382
147	58.333333	25233	25360	99.499211
148	58.730159	25236	25360	99.511041
149	59.126984	25239	25360	99.522871
150	59.52381	25242	25360	99.5347
151	59.920635	25245	25360	99.54653
152	60.31746	25248	25360	99.55836
153	60.714286	25251	25360	99.570189
154	61.111111	25254	25360	99.582019
155	61.507937	25257	25360	99.593849
156	61.904762	25259	25360	99.601735
157	62.301587	25261	25360	99.609621
158	62.698413	25263	25360	99.617508
159	63.095238	25265	25360	99.625394
160	63.492063	25267	25360	99.633281
161	63.888889	25269	25360	99.641167
162	64.285714	25271	25360	99.649054
163	64.68254	25273	25360	99.65694
164	65.079365	25275	25360	99.664826
165	65.47619	25277	25360	99.672713
166	65.873016	25279	25360	99.680599
167	66.269841	25281	25360	99.688486
168	66.666667	25283	25360	99.696372
169	67.063492	25285	25360	99.704259
170	67.460317	25287	25360	99.712145
171	67.857143	25289	25360	99.720032
172	68.253968	25291	25360	99.727918
173	68.650794	25293	25360	99.735804
174	69.047619	25295	25360	99.743691
175	69.444444	25297	25360	99.751577
176	69.84127	25299	25360	99.759464
177	70.238095	25301	25360	99.76735
178	70.634921	25303	25360	99.775237
179	71.031746	25305	25360	99.783123
180	71.428571	25307	25360	99.791009
181	71.825397	25309	25360	99.798896
182	72.222222	25311	25360	99.806782
183	72.619048	25313	25360	99.814669
184	73.015873	25314	25360	99.818612
185	73.412698	25315	25360	99.822555
186	73.809524	25316	25360	99.826498
187	74.206349	25317	25360	99.830442
188	74.603175	25318	25360	99.834385
189	75.0	25319	25360	99.838328
190	75.396825	25320	25360	99.842271
191	75.793651	25321	25360	99.846215
192	76.190476	25322	25360	99.850158
193	76.587302	25323	25360	99.854101
194	76.984127	25324	25360	99.858044
195	77.380952	25325	25360	99.861987
196	77.777778	25326	25360	99.865931
197	78.174603	25327	25360	99.869874
198	78.571429	25328	25360	99.873817
199	78.968254	25329	25360	99.87776
200	79.365079	25330	25360	99.881703
201	79.761905	25331	25360	99.885647
202	80.15873	25332	25360	99.88959
203	80.555556	25333	25360	99.893533
204	80.952381	25334	25360	99.897476
205	81.349206	25335	25360	99.90142
206	81.746032	25336	25360	99.905363
207	82.142857	25337	25360	99.909306
208	82.539683	25338	25360	99.913249
209	82.936508	25339	25360	99.917192
210	83.333333	25340	25360	99.921136
211	83.730159	25341	25360	99.925079
212	84.126984	25342	25360	99.929022
213	84.52381	25343	25360	99.932965
214	84.920635	25344	25360	99.936909
215	85.31746	25345	25360	99.940852
216	85.714286	25346	25360	99.944795
217	86.111111	25347	25360	99.948738
218	86.507937	25348	25360	99.952681
219	86.904762	25349	25360	99.956625
220	87.301587	25350	25360	99.960568
221	87.698413	25351	25360	99.964511
222	88.095238	25352	25360	99.968454
223	88.492063	25353	25360	99.972397
224	88.888889	25354	25360	99.976341
225	89.285714	25355	25360	99.980284
226	89.68254	25356	25360	99.984227
227	90.079365	25357	25360	99.98817
228	90.47619	25358	25360	99.992114
229	90.873016	25359	25360	99.996057
230	91.269841	25360	25360	100.0
231	91.666667	25360	25360	100.0
232	92.063492	25360	25360	100.0
233	92.460317	25360	25360	100.0
234	92.857143	25360	25360	100.0
235	93.253968	25360	25360	100.0
236	93.650794	25360	25360	100.0
237	94.047619	25360	25360	100.0
238	94.444444	25360	25360	100.0
239	94.84127	25360	25360	100.0
240	95.238095	25360	25360	100.0
241	95.634921	25360	25360	100.0
242	96.031746	25360	25360	100.0
243	96.428571	25360	25360	100.0
244	96.825397	25360	25360	100.0
245	97.222222	25360	25360	100.0
246	97.619048	25360	25360	100.0
247	98.015873	25360	25360	100.0
248	98.412698	25360	25360	100.0
249	98.809524	25360	25360	100.0
250	99.206349	25360	25360	100.0
251	99.603175	25360	25360	100.0
252	100.0	25360	25360	100.0
