rank	tier	title	title_key	file_count	files	body_chars	exact_hits	chars_per_exact_hit
1	高频	史记	史记	1	高频/史记.md	612337	2434	251.57641741988496
2	高频	汉书	汉书	1	高频/汉书.md	916456	2317	395.5356063875701
3	高频	尔雅	尔雅	1	高频/尔雅.md	23789	2147	11.08011178388449
4	高频	广雅	广雅	1	高频/广雅.md	39978	1498	26.68758344459279
5	高频	方言	方言	1	高频/方言.md	85560	1265	67.63636363636364
6	高频	太平御览	太平御览	1	高频/太平御览.md	5040826	1081	4663.113783533765
7	高频	吕氏春秋	吕氏春秋	2	高频/吕氏春秋（类书）.md | 高频/吕氏春秋（诸子）.md	317752	871	364.81285878300804
8	高频	庄子	庄子	1	高频/庄子.md	79837	778	102.61825192802057
9	高频	文选	文选	1	高频/文选.md	1597406	751	2127.03861517976
10	高频	荀子	荀子	2	高频/荀子.md | 高频/荀子（2）.md	260475	717	363.2845188284519
11	高频	楚辞	楚辞	1	高频/楚辞.md	39788	679	58.597938144329895
12	高频	管子	管子	1	高频/管子.md	211124	660	319.8848484848485
13	高频	释名	释名	1	高频/释名.md	29240	538	54.34944237918216
14	高频	集韵	集韵	1	高频/集韵.md	447849	522	857.948275862069
15	高频	淮南子	淮南子	1	高频/淮南子.md	160733	500	321.466
16	高频	孟子	孟子	1	高频/孟子.md	46724	442	105.710407239819
17	高频	后汉书	后汉书	1	高频/后汉书.md	959196	434	2210.1290322580644
18	高频	墨子	墨子	2	高频/墨子.md | 高频/墨子（2）.md	206309	377	547.238726790451
19	高频	书	书	1	高频/书.md	3410	372	9.166666666666666
20	高频	艺文类聚	艺文类聚	1	高频/艺文类聚.md	1242455	357	3480.266106442577
21	高频	礼记	礼记	1	高频/礼记.md	128918	315	409.26349206349204
22	高频	文子	文子	1	高频/文子.md	41146	302	136.24503311258277
23	高频	说苑	说苑	1	高频/说苑.md	136234	294	463.3809523809524
24	高频	逸周书	逸周书	1	高频/逸周书.md	46955	271	173.26568265682656
25	高频	初学记	初学记	2	高频/初学记.md | 高频/初学记（2）.md	682639	223	3061.1614349775787
26	高频	水经	水经	1	高频/水经.md	17105	217	78.82488479262673
27	中频	韩诗外传	韩诗外传	1	中频/韩诗外传.md	68493	215	318.57209302325583
28	中频	北堂书钞	北堂书钞	1	中频/北堂书钞.md	1044124	194	5382.082474226804
29	中频	列子	列子	1	中频/列子.md	38744	192	201.79166666666666
30	中频	尚书	尚书	1	中频/尚书.md	36236	191	189.717277486911
31	中频	类篇	类篇	1	中频/类篇.md	596616	186	3207.6129032258063
32	中频	论衡	论衡	2	中频/论衡（笔记）.md | 中频/论衡（诸子）.md	471943	171	2759.9005847953217
33	中频	周礼	周礼	1	中频/周礼.md	65986	159	415.0062893081761
34	中频	开元占经	开元占经	1	中频/开元占经.md	667027	153	4359.653594771242
35	中频	新序	新序	1	中频/新序.md	60180	147	409.38775510204084
36	中频	急就篇	急就篇	2	中频/急就篇（启蒙蒙学）.md | 中频/急就篇（小学）.md	41399	140	295.70714285714286
37	中频	白虎通义	白虎通义	2	中频/白虎通义.md | 中频/白虎通义（2）.md	108012	130	830.8615384615384
38	中频	通典	通典	1	中频/通典.md	2094551	129	16236.829457364342
39	中频	名医别录	名医别录	1	中频/名医别录.md	70012	118	593.3220338983051
40	中频	中庸	中庸	1	中频/中庸.md	4706	114	41.280701754385966
41	中频	齐民要术	齐民要术	1	中频/齐民要术.md	159843	106	1507.9528301886792
42	中频	晏子春秋	晏子春秋	1	中频/晏子春秋.md	57963	101	573.8910891089109
43	中频	易林	易林	1	中频/易林.md	218905	82	2669.5731707317073
44	中频	唐韵正	唐韵正	1	中频/唐韵正.md	330283	81	4077.567901234568
45	中频	夏小正	夏小正	1	中频/夏小正.md	4175	79	52.848101265822784
46	中频	风俗通义	风俗通义	1	中频/风俗通义.md	37686	77	489.42857142857144
47	中频	周书	周书	1	中频/周书.md	325712	70	4653.028571428571
48	中频	一切经音义	一切经音义	1	中频/一切经音义.md	1577582	68	23199.735294117647
49	中频	水经注	水经注	1	中频/水经注.md	387230	67	5779.55223880597
50	中频	晋书	晋书	1	中频/晋书.md	1459750	66	22117.424242424244
51	中频	文选注	文选注	1	中频/文选注.md	1337272	65	20573.415384615386
52	中频	吴普本草	吴普本草	1	中频/吴普本草.md	15159	64	236.859375
53	中频	春秋繁露	春秋繁露	1	中频/春秋繁露.md	73168	63	1161.3968253968253
54	中频	列女传	列女传	1	中频/列女传.md	50808	61	832.9180327868852
55	中频	广志	广志	1	中频/广志.md	1216	57	21.333333333333332
56	中频	小尔雅	小尔雅	1	中频/小尔雅.md	2211	55	40.2
57	中频	韩非子	韩非子	3	中频/韩非子.md | 中频/韩非子（法家）.md | 中频/韩非子（诸子）.md	410448	54	7600.888888888889
58	中频	玉海	玉海	1	中频/玉海.md	2970776	52	57130.307692307695
59	中频	乐书	乐书	1	中频/乐书.md	407942	50	8158.84
60	中频	尚书大传	尚书大传	1	中频/尚书大传.md	22197	44	504.47727272727275
61	中频	尔雅注	尔雅注	1	中频/尔雅注.md	40710	43	946.7441860465116
62	中频	古今注	古今注	1	中频/古今注.md	23195	40	579.875
63	中频	大学	大学	1	中频/大学.md	2353	40	58.825
64	低频	穆天子传	穆天子传	3	低频/穆天子传.md | 低频/穆天子传（2）.md | 低频/穆天子传（3）.md	39197	36	1088.8055555555557
65	低频	博物志	博物志	2	低频/博物志.md | 低频/博物志（2）.md	39552	34	1163.2941176470588
66	低频	埤雅	埤雅	1	低频/埤雅.md	107307	34	3156.0882352941176
67	低频	周易	周易	1	低频/周易.md	37546	33	1137.7575757575758
68	低频	商子	商子	1	低频/商子.md	25883	32	808.84375
69	低频	尸子	尸子	1	低频/尸子.md	46414	32	1450.4375
70	低频	意林	意林	2	低频/意林.md | 低频/意林（2）.md	103403	31	3335.5806451612902
71	低频	本草图经	本草图经	1	低频/本草图经.md	283400	30	9446.666666666666
72	低频	困学纪闻	困学纪闻	1	低频/困学纪闻.md	266398	29	9186.137931034482
73	低频	宋书	宋书	1	低频/宋书.md	1037404	29	35772.55172413793
74	低频	山海经	山海经	3	低频/山海经.md | 低频/山海经（2）.md | 低频/山海经（3）.md	189312	29	6528.0
75	低频	司马法	司马法	2	低频/司马法（兵家）.md | 低频/司马法（诸子）.md	8272	28	295.42857142857144
76	低频	大戴礼记	大戴礼记	1	低频/大戴礼记.md	77968	28	2784.5714285714284
77	低频	孝经	孝经	1	低频/孝经.md	2562	28	91.5
78	低频	日知录	日知录	2	低频/日知录.md | 低频/日知录（2）.md	991369	25	39654.76
79	低频	诗序	诗序	1	低频/诗序.md	23110	25	924.4
80	低频	四民月令	四民月令	1	低频/四民月令.md	6416	24	267.3333333333333
81	低频	吴越春秋	吴越春秋	1	低频/吴越春秋.md	48949	23	2128.217391304348
82	低频	路史	路史	1	低频/路史.md	478445	22	21747.5
83	低频	元和姓纂	元和姓纂	1	低频/元和姓纂.md	131847	21	6278.428571428572
84	低频	曾子	曾子	1	低频/曾子.md	20100	21	957.1428571428571
85	低频	隋书	隋书	1	低频/隋书.md	873291	20	43664.55
86	低频	尔雅翼	尔雅翼	1	低频/尔雅翼.md	180388	19	9494.105263157895
87	低频	史记正义	史记正义	1	低频/史记正义.md	699552	18	38864.0
88	低频	周易述	周易述	1	低频/周易述.md	329376	18	18298.666666666668
89	低频	新论	新论	1	低频/新论.md	18217	17	1071.5882352941176
90	低频	文赋	文赋	1	低频/文赋.md	2010	16	125.625
91	低频	西京杂记	西京杂记	2	低频/西京杂记.md | 低频/西京杂记（2）.md	32855	16	2053.4375
92	低频	经典释文	经典释文	1	低频/经典释文.md	653387	15	43559.13333333333
93	低频	鬼谷子	鬼谷子	2	低频/鬼谷子.md | 低频/鬼谷子（2）.md	44186	15	2945.733333333333
94	低频	五经文字	五经文字	1	低频/五经文字.md	40033	14	2859.5
95	低频	北户录	北户录	1	低频/北户录.md	31768	14	2269.1428571428573
96	低频	字诂	字诂	1	低频/字诂.md	22119	14	1579.9285714285713
97	低频	竹书纪年	竹书纪年	1	低频/竹书纪年.md	22425	14	1601.7857142857142
98	低频	九经古义	九经古义	1	低频/九经古义.md	88295	13	6791.923076923077
99	低频	元和郡县志	元和郡县志	1	低频/元和郡县志.md	303990	13	23383.846153846152
100	低频	五行大义	五行大义	1	低频/五行大义.md	82098	12	6841.5
101	低频	三礼图	三礼图	1	低频/三礼图.md	46085	11	4189.545454545455
102	低频	中论	中论	3	低频/中论.md | 低频/中论（乾隆藏）.md | 低频/中论（大藏经）.md	142464	11	12951.272727272728
103	低频	九章算术	九章算术	1	低频/九章算术.md	69114	11	6283.090909090909
104	低频	史记集解	史记集解	1	低频/史记集解.md	651508	11	59228.0
105	低频	群经音辨	群经音辨	1	低频/群经音辨.md	45331	11	4121.0
106	低频	说文解字	说文解字	1	低频/说文解字.md	511815	11	46528.63636363636
107	低频	慎子	慎子	1	低频/慎子.md	8244	10	824.4
108	低频	春秋左传	春秋左传	1	低频/春秋左传.md	268641	10	26864.1
109	低频	周易集解	周易集解	1	低频/周易集解.md	186990	9	20776.666666666668
110	低频	周髀算经	周髀算经	1	低频/周髀算经.md	41944	9	4660.444444444444
111	低频	风土记	风土记	1	低频/风土记.md	371	9	41.22222222222222
112	低频	魏书	魏书	1	低频/魏书.md	1296732	9	144081.33333333334
113	低频	干禄字书	干禄字书	1	低频/干禄字书.md	40585	8	5073.125
114	低频	法苑珠林	法苑珠林	3	低频/法苑珠林（乾隆藏）.md | 低频/法苑珠林（大藏经）.md | 低频/法苑珠林（藏外）.md	3356946	8	419618.25
115	低频	书传	书传	1	低频/书传.md	93850	7	13407.142857142857
116	低频	南史	南史	1	低频/南史.md	843687	7	120526.71428571429
117	低频	吴子	吴子	1	低频/吴子.md	4863	7	694.7142857142857
118	低频	太平寰宇记	太平寰宇记	1	低频/太平寰宇记.md	893041	7	127577.28571428571
119	低频	帝王世纪	帝王世纪	1	低频/帝王世纪.md	17528	7	2504.0
120	低频	本草衍义	本草衍义	1	低频/本草衍义.md	64934	7	9276.285714285714
121	低频	楚辞补注	楚辞补注	1	低频/楚辞补注.md	198312	7	28330.285714285714
122	低频	礼记正义	礼记正义	1	低频/礼记正义.md	1552211	7	221744.42857142858
123	低频	诗攷	诗攷	1	低频/诗攷.md	26143	7	3734.714285714286
124	低频	佩觿	佩觿	1	低频/佩觿.md	28588	6	4764.666666666667
125	低频	尚书正义	尚书正义	1	低频/尚书正义.md	520535	6	86755.83333333333
126	低频	新书	新书	1	低频/新书.md	52305	6	8717.5
127	低频	证类本草	证类本草	1	低频/证类本草.md	843538	6	140589.66666666666
128	低频	京氏易传	京氏易传	2	低频/京氏易传（易经）.md | 低频/京氏易传（术数）.md	55463	5	11092.6
129	低频	孟子传	孟子传	1	低频/孟子传.md	173707	5	34741.4
130	低频	广川书跋	广川书跋	1	低频/广川书跋.md	68692	5	13738.4
131	低频	广州记	广州记	1	低频/广州记.md	785	5	157.0
132	低频	班马字类	班马字类	1	低频/班马字类.md	46458	5	9291.6
133	低频	礼记纂言	礼记纂言	1	低频/礼记纂言.md	682242	5	136448.4
134	低频	金石录	金石录	1	低频/金石录.md	136671	5	27334.2
135	低频	金薤琳琅	金薤琳琅	1	低频/金薤琳琅.md	80498	5	16099.6
136	低频	韵补	韵补	1	低频/韵补.md	97675	5	19535.0
137	低频	神仙传	神仙传	1	低频/神仙传.md	38930	4	9732.5
138	低频	通志	通志	1	低频/通志.md	5157146	4	1289286.5
139	低频	三国志	三国志	1	低频/三国志.md	744181	3	248060.33333333334
140	低频	农书	农书	1	低频/农书.md	18132	3	6044.0
141	低频	后汉纪	后汉纪	1	低频/后汉纪.md	467032	3	155677.33333333334
142	低频	四书释地	四书释地	1	低频/四书释地.md	100772	3	33590.666666666664
143	低频	声无哀乐论	声无哀乐论	1	低频/声无哀乐论.md	6776	3	2258.6666666666665
144	低频	搜神记	搜神记	2	低频/搜神记.md | 低频/搜神记（2）.md	118497	3	39499.0
145	低频	毛诗故训传	毛诗故训传	1	低频/毛诗故训传.md	203185	3	67728.33333333333
146	低频	毛诗正义	毛诗正义	1	低频/毛诗正义.md	1311206	3	437068.6666666667
147	低频	水经注释	水经注释	1	低频/水经注释.md	721943	3	240647.66666666666
148	低频	玄中记	玄中记	1	低频/玄中记.md	4991	3	1663.6666666666667
149	低频	琴操	琴操	1	低频/琴操.md	10260	3	3420.0
150	低频	神农本草经	神农本草经	1	低频/神农本草经.md	19057	3	6352.333333333333
151	低频	续博物志	续博物志	1	低频/续博物志.md	24760	3	8253.333333333334
152	低频	茶经	茶经	1	低频/茶经.md	8454	3	2818.0
153	低频	诗本音	诗本音	1	低频/诗本音.md	83096	3	27698.666666666668
154	低频	诗考	诗考	1	低频/诗考.md	32103	3	10701.0
155	低频	金石文字记	金石文字记	1	低频/金石文字记.md	75247	3	25082.333333333332
156	低频	事类赋	事类赋	1	低频/事类赋.md	279857	2	139928.5
157	低频	五礼通考	五礼通考	1	低频/五礼通考.md	4864441	2	2432220.5
158	低频	五音集韵	五音集韵	1	低频/五音集韵.md	468635	2	234317.5
159	低频	人物志	人物志	2	低频/人物志（笔记）.md | 低频/人物志（诸子）.md	56672	2	28336.0
160	低频	北齐书	北齐书	1	低频/北齐书.md	295059	2	147529.5
161	低频	古微书	古微书	1	低频/古微书.md	152631	2	76315.5
162	低频	古文苑	古文苑	1	低频/古文苑.md	135377	2	67688.5
163	低频	古韵标准	古韵标准	1	低频/古韵标准.md	95911	2	47955.5
164	低频	史通	史通	1	低频/史通.md	108438	2	54219.0
165	低频	唐六典	唐六典	1	低频/唐六典.md	251383	2	125691.5
166	低频	学林	学林	1	低频/学林.md	163290	2	81645.0
167	低频	尚书全解	尚书全解	1	低频/尚书全解.md	509514	2	254757.0
168	低频	尚书古文疏证	尚书古文疏证	1	低频/尚书古文疏证.md	258814	2	129407.0
169	低频	庄子注	庄子注	1	低频/庄子注.md	98684	2	49342.0
170	低频	文心雕龙	文心雕龙	1	低频/文心雕龙.md	51670	2	25835.0
171	低频	易音	易音	1	低频/易音.md	18078	2	9039.0
172	低频	春秋公羊传	春秋公羊传	1	低频/春秋公羊传.md	80156	2	40078.0
173	低频	梁书	梁书	1	低频/梁书.md	369680	2	184840.0
174	低频	物理论	物理论	1	低频/物理论.md	8381	2	4190.5
175	低频	申子	申子	1	低频/申子.md	1158	2	579.0
176	低频	礼记集说	礼记集说	1	低频/礼记集说.md	1925901	2	962950.5
177	低频	荆州记	荆州记	1	低频/荆州记.md	1119	2	559.5
178	低频	蜀王本纪	蜀王本纪	1	低频/蜀王本纪.md	1426	2	713.0
179	低频	诗说	诗说	1	低频/诗说.md	20274	2	10137.0
180	低频	述异记	述异记	1	低频/述异记.md	14111	2	7055.5
181	低频	通雅	通雅	1	低频/通雅.md	626666	2	313333.0
182	低频	集古录	集古录	1	低频/集古录.md	90603	2	45301.5
183	低频	雷公炮炙论	雷公炮炙论	1	低频/雷公炮炙论.md	29775	2	14887.5
184	低频	三秦记	三秦记	1	低频/三秦记.md	764	1	764.0
185	低频	乙巳占	乙巳占	1	低频/乙巳占.md	141479	1	141479.0
186	低频	交州记	交州记	1	低频/交州记.md	454	1	454.0
187	低频	体论	体论	1	低频/体论.md	8961	1	8961.0
188	低频	傅子	傅子	2	低频/傅子.md | 低频/傅子（2）.md	19316	1	19316.0
189	低频	典论	典论	1	低频/典论.md	8372	1	8372.0
190	低频	列仙传	列仙传	2	低频/列仙传（正统道藏洞真部）.md | 低频/列仙传（藏外）.md	25698	1	25698.0
191	低频	十三经注疏正字	十三经注疏正字	1	低频/十三经注疏正字.md	790640	1	790640.0
192	低频	南齐书	南齐书	1	低频/南齐书.md	379626	1	379626.0
193	低频	周易正义	周易正义	1	低频/周易正义.md	299052	1	299052.0
194	低频	周易注	周易注	1	低频/周易注.md	76078	1	76078.0
195	低频	周礼传	周礼传	1	低频/周礼传.md	370607	1	370607.0
196	低频	周礼注疏	周礼注疏	1	低频/周礼注疏.md	1093595	1	1093595.0
197	低频	唐律疏义	唐律疏义	1	低频/唐律疏义.md	216675	1	216675.0
198	低频	大事记	大事记	1	低频/大事记.md	348213	1	348213.0
199	低频	子夏易传	子夏易传	1	低频/子夏易传.md	85792	1	85792.0
200	低频	孟子音义	孟子音义	1	低频/孟子音义.md	14606	1	14606.0
201	低频	小品方	小品方	1	低频/小品方.md	79182	1	79182.0
202	低频	尔雅注疏	尔雅注疏	1	低频/尔雅注疏.md	273090	1	273090.0
203	低频	左传附注	左传附注	1	低频/左传附注.md	59674	1	59674.0
204	低频	抱朴子外篇	抱朴子外篇	2	低频/抱朴子外篇（正统道藏太清部）.md | 低频/抱朴子外篇（藏外）.md	197089	1	197089.0
205	低频	政论	政论	1	低频/政论.md	11862	1	11862.0
206	低频	昌言	昌言	1	低频/昌言.md	17553	1	17553.0
207	低频	易汉学	易汉学	1	低频/易汉学.md	44126	1	44126.0
208	低频	春秋谷梁传	春秋谷梁传	1	低频/春秋谷梁传.md	84657	1	84657.0
209	低频	本草纲目	本草纲目	1	低频/本草纲目.md	203324	1	203324.0
210	低频	桂海虞衡志	桂海虞衡志	1	低频/桂海虞衡志.md	14836	1	14836.0
211	低频	梁州记	梁州记	1	低频/梁州记.md	299	1	299.0
212	低频	武陵记	武陵记	1	低频/武陵记.md	264	1	264.0
213	低频	汉上易传	汉上易传	1	低频/汉上易传.md	226340	1	226340.0
214	低频	沙州记	沙州记	1	低频/沙州记.md	5015	1	5015.0
215	低频	法华文句记	法华文句记	2	低频/法华文句记（乾隆藏）.md | 低频/法华文句记（大藏经）.md	667587	1	667587.0
216	低频	洞冥记	洞冥记	1	低频/洞冥记.md	6188	1	6188.0
217	低频	湘中记	湘中记	1	低频/湘中记.md	459	1	459.0
218	低频	神异经	神异经	1	低频/神异经.md	4078	1	4078.0
219	低频	经义考	经义考	2	低频/经义考.md | 低频/经义考（2）.md	1769036	1	1769036.0
220	低频	经说	经说	1	低频/经说.md	57802	1	57802.0
221	低频	考古图	考古图	1	低频/考古图.md	33984	1	33984.0
222	低频	蜀记	蜀记	1	低频/蜀记.md	14510	1	14510.0
223	低频	諡法	諡法	1	低频/諡法.md	10691	1	10691.0
224	低频	诗经	诗经	1	低频/诗经.md	48276	1	48276.0
225	低频	述学	述学	1	低频/述学.md	81509	1	81509.0
226	低频	酒经	酒经	1	低频/酒经.md	11501	1	11501.0
227	低频	雍录	雍录	1	低频/雍录.md	85534	1	85534.0
228	低频	韵府群玉	韵府群玉	1	低频/韵府群玉.md	1105780	1	1105780.0
229	低频	马氏文通	马氏文通	1	低频/马氏文通.md	500538	1	500538.0
230	低频	齐乘	齐乘	1	低频/齐乘.md	115990	1	115990.0
231	低频	原本广韵	原本广韵	1	低频/原本广韵.md	246847	0	
232	低频	吕氏春秋集解	吕氏春秋集解	1	低频/吕氏春秋集解.md	318666	0	
233	低频	春秋公羊传注疏	春秋公羊传注疏	1	低频/春秋公羊传注疏.md	561284	0	
234	低频	春秋左传正义	春秋左传正义	1	低频/春秋左传正义.md	1446167	0	
235	低频	春秋左传注疏	春秋左传注疏	1	低频/春秋左传注疏.md	1118364	0	
236	低频	春秋左氏传补注	春秋左氏传补注	1	低频/春秋左氏传补注.md	98999	0	
237	低频	春秋年表	春秋年表	1	低频/春秋年表.md	1652	0	
238	低频	春秋纂言	春秋纂言	1	低频/春秋纂言.md	363483	0	
239	低频	春秋考	春秋考	1	低频/春秋考.md	157476	0	
240	低频	春秋穀梁传注疏	春秋谷梁传注疏	2	低频/春秋穀梁传注疏.md | 低频/春秋谷梁传注疏.md	533303	0	
241	低频	春秋通义	春秋通义	1	低频/春秋通义.md	5635	0	
242	低频	春秋通论	春秋通论	1	低频/春秋通论.md	107638	0	
243	低频	春秋通说	春秋通说	1	低频/春秋通说.md	95152	0	
244	低频	春秋释例	春秋释例	1	低频/春秋释例.md	178699	0	
245	低频	春秋集传	春秋集传	1	低频/春秋集传.md	139112	0	
246	低频	神农本草经-清-孙星衍	神农本草经清孙星衍	1	低频/神农本草经-清-孙星衍.md	89979	0	
247	低频	群书治要六韬	群书治要六韬	1	低频/群书治要六韬.md	3367	0	
248	低频	说文解字注	说文解字注	1	低频/说文解字注.md	1572404	0	
249	低频	重修广韵	重修广韵	1	低频/重修广韵.md	277944	0	
250	低频	重修玉篇	重修玉篇	1	低频/重修玉篇.md	280231	0	
251	低频	黄帝内经素问	黄帝内经素问	1	低频/黄帝内经素问.md	418140	0	
252	低频	黄帝内经素问-战国-佚名	黄帝内经素问战国佚名	1	低频/黄帝内经素问-战国-佚名.md	108077	0	
